{
    "version": "0.1.0",
    "params": [
        {
            "path": "/seq/num_steps",
            "value": 16
        },
        {
            "path": "/seq/tempo_note_value",
            "value": 2
        },
        {
            "path": "/seq/hold",
            "value": 1.0
        },
        {
            "path": "/seq/step_1",
            "str_value": "00FFFFFFFFFFFFFFFFFFFFFFFF"
        },
        {
            "path": "/seq/step_2",
            "str_value": "00FFFFFFFFFFFFFFFFFFFFFFFF"
        },
        {
            "path": "/seq/step_3",
            "str_value": "00FFFFFFFFFFFFFFFFFFFFFFFF"
        },
        {
            "path": "/seq/step_4",
            "str_value": "00FFFFFFFFFFFFFFFFFFFFFFFF"
        },
        {
            "path": "/seq/step_5",
            "str_value": "00FFFFFFFFFFFFFFFFFFFFFFFF"
        },
        {
            "path": "/seq/step_6",
            "str_value": "00FFFFFFFFFFFFFFFFFFFFFFFF"
        },
        {
            "path": "/seq/step_7",
            "str_value": "00FFFFFFFFFFFFFFFFFFFFFFFF"
        },
        {
            "path": "/seq/step_8",
            "str_value": "00FFFFFFFFFFFFFFFFFFFFFFFF"
        },
        {
            "path": "/seq/step_9",
            "str_value": "00FFFFFFFFFFFFFFFFFFFFFFFF"
        },
        {
            "path": "/seq/step_10",
            "str_value": "00FFFFFFFFFFFFFFFFFFFFFFFF"
        },
        {
            "path": "/seq/step_11",
            "str_value": "00FFFFFFFFFFFFFFFFFFFFFFFF"
        },
        {
            "path": "/seq/step_12",
            "str_value": "00FFFFFFFFFFFFFFFFFFFFFFFF"
        },
        {
            "path": "/seq/step_13",
            "str_value": "00FFFFFFFFFFFFFFFFFFFFFFFF"
        },
        {
            "path": "/seq/step_14",
            "str_value": "00FFFFFFFFFFFFFFFFFFFFFFFF"
        },
        {
            "path": "/seq/step_15",
            "str_value": "00FFFFFFFFFFFFFFFFFFFFFFFF"
        },
        {
            "path": "/seq/step_16",
            "str_value": "00FFFFFFFFFFFFFFFFFFFFFFFF"
        },
        {
            "path": "/arp/enable",
            "value": 0.0
        },
        {
            "path": "/arp/dirmode",
            "value": 0.0
        },
        {
            "path": "/arp/tempo_note_value",
            "value": 2
        },
        {
            "path": "/arp/hold",
            "value": 0.0
        },
        {
            "path": "/syp/tempo_bpm",
            "value": 120.0
        },
        {
            "path": "/syp/seq_arp_midi_channel",
            "value": 0.0
        },
        {
            "path": "/daw/delia/Layer_1_Num_Voices",
            "value": 6.0
        },
        {
            "path": "/daw/delia/Layer_2_Num_Voices",
            "value": 0.0
        },
        {
            "path": "/daw/delia/FX_1_Type",
            "value": 3
        },
        {
            "path": "/daw/delia/FX_2_Type",
            "value": 1.0
        },
        {
            "path": "/daw/delia/FX_1_Slot",
            "value": 0.0
        },
        {
            "path": "/daw/delia/FX_2_Slot",
            "value": 1.0
        },
        {
            "path": "/daw/delia/Chorus_Mode",
            "value": 0.0
        },
        {
            "path": "/daw/delia/Chorus_Level",
            "value": 0.0
        },
        {
            "path": "/daw/delia/Delay_Time",
            "value": 0.0
        },
        {
            "path": "/daw/delia/Delay_Feedback",
            "value": 0.0
        },
        {
            "path": "/daw/delia/Delay_Level",
            "value": 0.0
        },
        {
            "path": "/daw/delia/Delay_Filter",
            "value": 0.0
        },
        {
            "path": "/daw/delia/Delay_Mode",
            "value": 0.0
        },
        {
            "path": "/daw/delia/Reverb_Time",
            "value": 0.36063721776008606
        },
        {
            "path": "/daw/delia/Reverb_Preset",
            "value": 4
        },
        {
            "path": "/daw/delia/Reverb_Level",
            "value": 0.0
        },
        {
            "path": "/daw/delia/Mod_Constant:FX_Send_Level",
            "value": 0.40858179330825806
        },
        {
            "path": "/daw/delia/Mod_Constant:FX_Macro_Level",
            "value": 0.0
        },
        {
            "path": "/daw/delia/FX_Macro_Select",
            "value": 0.0
        },
        {
            "path": "/daw/delia/Morph_Mode",
            "value": 0.0
        },
        {
            "path": "/daw/delia/Delay_Time_Sync",
            "value": 0.0
        },
        {
            "path": "/daw/delia/Delay_Sync",
            "value": 0.0
        },
        {
            "path": "/daw/delia/Delay_Tone",
            "value": 0.0
        },
        {
            "path": "/daw/delia/Reverb_Predelay",
            "value": 0.0
        },
        {
            "path": "/daw/delia/Reverb_Tone",
            "value": 0.6273689866065979
        },
        {
            "path": "/daw/delia/Reverb_Shimmer",
            "value": 0.0
        },
        {
            "path": "/seq/mode",
            "value": 0.0
        },
        {
            "path": "/daw/delia/FX_1_Mix",
            "value": 0.3886227011680603
        },
        {
            "path": "/daw/delia/FX_2_Mix",
            "value": 0.4679708182811737
        }
    ],
    "layers": [
        {
            "layer_id": "d0",
            "params": [
                {
                    "path": "/daw/delia/Split_Low_Note",
                    "value": 0.0
                },
                {
                    "path": "/daw/delia/Split_High_Note",
                    "value": 127.0
                },
                {
                    "path": "/daw/delia/Channel_Filter",
                    "value": 0.0
                },
                {
                    "path": "/daw/delia/Output_Routing",
                    "value": 2.0
                },
                {
                    "path": "/daw/delia/Layer_Volume",
                    "value": 1.0
                },
                {
                    "path": "/daw/delia/Octave_Offset",
                    "value": 0.0
                },
                {
                    "path": "/daw/delia/Midi_Mod_Src_1_Sel",
                    "value": 0.9921875
                },
                {
                    "path": "/daw/delia/Midi_Mod_Src_2_Sel",
                    "value": 0.0
                },
                {
                    "path": "/daw/delia/Ext_In_Mode",
                    "value": 0.0
                },
                {
                    "path": "/daw/delia/Ext_In_Gain",
                    "value": 0.0
                }
            ],
            "patch": {
                "name": "VHS_HORROR",
                "common": [
                    {
                        "path": "/daw/delia/Morph",
                        "value": 0.0
                    },
                    {
                        "path": "/daw/delia/Unison_Voices",
                        "value": 1.0
                    },
                    {
                        "path": "/daw/delia/Pan_Num",
                        "value": 5.0
                    },
                    {
                        "path": "/daw/delia/Poly_Mode",
                        "value": 4
                    },
                    {
                        "path": "/daw/delia/LFO_1_Tempo_Sync",
                        "value": 0.0
                    },
                    {
                        "path": "/daw/delia/LFO_2_Tempo_Sync",
                        "value": 0.0
                    },
                    {
                        "path": "/daw/delia/LFO_3_Tempo_Sync",
                        "value": 0.0
                    },
                    {
                        "path": "/daw/delia/WT_Interpolate",
                        "value": 0.0
                    },
                    {
                        "path": "/daw/delia/Pitch_Bend_Range",
                        "value": 7
                    },
                    {
                        "path": "/daw/delia/Glide_Mode",
                        "value": 0.0
                    },
                    {
                        "path": "/daw/delia/Paraphonic_Mode",
                        "value": 0.0
                    },
                    {
                        "path": "/daw/delia/LFO_1_Global",
                        "value": 0.0
                    },
                    {
                        "path": "/daw/delia/LFO_2_Global",
                        "value": 0.0
                    },
                    {
                        "path": "/daw/delia/LFO_3_Global",
                        "value": 0.0
                    },
                    {
                        "path": "/daw/delia/Vintage_Level",
                        "value": 0.25663015246391296
                    }
                ],
                "state_a": [
                    {
                        "path": "/daw/delia/Osc_1_Fine_Tune",
                        "value": 2.410139560699463
                    },
                    {
                        "path": "/daw/delia/Volume",
                        "value": 1.0
                    },
                    {
                        "path": "/daw/delia/Glide_Time",
                        "value": 0.008496301248669624
                    },
                    {
                        "path": "/daw/delia/Osc_1_Coarse_Tune",
                        "value": 0.0
                    },
                    {
                        "path": "/daw/delia/Osc_2_Coarse_Tune",
                        "value": -1.0
                    },
                    {
                        "path": "/daw/delia/Osc_3_Coarse_Tune",
                        "value": -1.0
                    },
                    {
                        "path": "/daw/delia/Osc_2_Fine_Tune",
                        "value": 0.0
                    },
                    {
                        "path": "/daw/delia/Osc_3_Fine_Tune",
                        "value": -5.204201698303336
                    },
                    {
                        "path": "/daw/delia/Sub_Osc_En",
                        "value": 1.0
                    },
                    {
                        "path": "/daw/delia/Hard_Sync_En",
                        "value": 0.0
                    },
                    {
                        "path": "/daw/delia/Amp_Eg_Vel",
                        "value": 0.5
                    },
                    {
                        "path": "/daw/delia/Filt_Eg_Vel",
                        "value": 0.5
                    },
                    {
                        "path": "/daw/delia/Aux_Eg_Vel",
                        "value": 0.0
                    },
                    {
                        "path": "/daw/delia/Amp_Eg_Reset",
                        "value": 0
                    },
                    {
                        "path": "/daw/delia/Aux_Eg_Reset",
                        "value": 0.0
                    },
                    {
                        "path": "/daw/delia/Unison_Detune",
                        "value": 0.12399670481681824
                    },
                    {
                        "path": "/daw/delia/Offset",
                        "value": 0.0
                    },
                    {
                        "path": "/daw/delia/Osc_4_Mode",
                        "value": 1.0
                    },
                    {
                        "path": "/daw/delia/Mod_Constant:Osc_4_Tone",
                        "value": 0.7550721168518066
                    },
                    {
                        "path": "/daw/delia/Filter_LP_Mode",
                        "value": 1.0
                    },
                    {
                        "path": "/daw/delia/Filter_HP_Mode",
                        "value": 0.0
                    },
                    {
                        "path": "/daw/delia/Spin_Reset",
                        "value": 0
                    },
                    {
                        "path": "/daw/delia/Lfo_1_Shape",
                        "value": 5
                    },
                    {
                        "path": "/daw/delia/Lfo_2_Shape",
                        "value": 0
                    },
                    {
                        "path": "/daw/delia/Lfo_3_Shape",
                        "value": 0.0
                    },
                    {
                        "path": "/daw/delia/Lfo_1_Slew",
                        "value": 1.0
                    },
                    {
                        "path": "/daw/delia/Lfo_2_Slew",
                        "value": 1.0
                    },
                    {
                        "path": "/daw/delia/Lfo_3_Slew",
                        "value": 1.0
                    },
                    {
                        "path": "/daw/delia/Lfo_1_Retrigger",
                        "value": 0
                    },
                    {
                        "path": "/daw/delia/Lfo_2_Retrigger",
                        "value": 0
                    },
                    {
                        "path": "/daw/delia/Lfo_3_Retrigger",
                        "value": 0.0
                    },
                    {
                        "path": "/daw/delia/Mod_Key_Pitch:Osc_1_Pitch",
                        "value": 1.0
                    },
                    {
                        "path": "/daw/delia/Mod_Key_Pitch:Osc_2_Pitch",
                        "value": 1.0
                    },
                    {
                        "path": "/daw/delia/Mod_Key_Pitch:Osc_3_Pitch",
                        "value": 1.0
                    },
                    {
                        "path": "/daw/delia/Mod_Constant:Osc_1_Level",
                        "value": 1.0
                    },
                    {
                        "path": "/daw/delia/Mod_Constant:Filt_Eg_Lvl",
                        "value": 1.0
                    },
                    {
                        "path": "/daw/delia/Mod_Constant:Amp_Eg_Sus",
                        "value": 0.7509338855743408
                    },
                    {
                        "path": "/daw/delia/Mod_Constant:Amp_Eg_Lvl",
                        "value": 0.3694426119327545
                    },
                    {
                        "path": "/daw/delia/Mod_Constant:Aux_Eg_Lvl",
                        "value": 1.0
                    },
                    {
                        "path": "/daw/delia/Mod_Constant:Osc_1_Pitch",
                        "value": 0.0
                    },
                    {
                        "path": "/daw/delia/Mod_Constant:Osc_1_Shape",
                        "value": 0.6199736595153809
                    },
                    {
                        "path": "/daw/delia/Mod_Constant:Osc_2_Pitch",
                        "value": 0.0
                    },
                    {
                        "path": "/daw/delia/Mod_Constant:Osc_2_Shape",
                        "value": 0.6450597047805786
                    },
                    {
                        "path": "/daw/delia/Mod_Constant:Osc_2_Level",
                        "value": 1.0
                    },
                    {
                        "path": "/daw/delia/Mod_Constant:Osc_3_Pitch",
                        "value": 0.0
                    },
                    {
                        "path": "/daw/delia/Mod_Constant:Osc_3_Shape",
                        "value": 0.1159818321466446
                    },
                    {
                        "path": "/daw/delia/Mod_Constant:Osc_3_Level",
                        "value": 0.5773822665214539
                    },
                    {
                        "path": "/daw/delia/Mod_Constant:Osc_4_Level",
                        "value": 0.911631166934967
                    },
                    {
                        "path": "/daw/delia/Mod_Constant:Filter_LP_Cutoff",
                        "value": 0.20791181266307832
                    },
                    {
                        "path": "/daw/delia/Mod_Constant:Filter_LP_Resonance",
                        "value": 0.01142606046050787
                    },
                    {
                        "path": "/daw/delia/Mod_Constant:Filter_HP_Cutoff",
                        "value": 0.0
                    },
                    {
                        "path": "/daw/delia/Mod_Constant:Filter_HP_Resonance",
                        "value": 0.3408408463001251
                    },
                    {
                        "path": "/daw/delia/Mod_Constant:LFO_1_Rate",
                        "value": 0.3330037295818329
                    },
                    {
                        "path": "/daw/delia/Mod_Constant:LFO_1_Gain",
                        "value": 0.6085109710693359
                    },
                    {
                        "path": "/daw/delia/Mod_Constant:LFO_2_Rate",
                        "value": 0.5
                    },
                    {
                        "path": "/daw/delia/Mod_Constant:LFO_2_Gain",
                        "value": 0.4864775122388618
                    },
                    {
                        "path": "/daw/delia/Mod_Constant:LFO_3_Rate",
                        "value": 0.38595911860466
                    },
                    {
                        "path": "/daw/delia/Mod_Constant:LFO_3_Gain",
                        "value": 0.8305134177207947
                    },
                    {
                        "path": "/daw/delia/Mod_Constant:Drive",
                        "value": 0.37585145235061646
                    },
                    {
                        "path": "/daw/delia/Mod_Constant:Filt_Eg_Att",
                        "value": 0.2948070168495178
                    },
                    {
                        "path": "/daw/delia/Mod_Constant:Filt_Eg_Dec",
                        "value": 0.683952271938324
                    },
                    {
                        "path": "/daw/delia/Mod_Constant:Filt_Eg_Rel",
                        "value": 0.7157034873962402
                    },
                    {
                        "path": "/daw/delia/Mod_Constant:Filt_Eg_Sus",
                        "value": 0.31081080436706543
                    },
                    {
                        "path": "/daw/delia/Mod_Constant:Amp_Eg_Att",
                        "value": 0.1281769573688507
                    },
                    {
                        "path": "/daw/delia/Mod_Constant:Amp_Eg_Dec",
                        "value": 0.7427305579185486
                    },
                    {
                        "path": "/daw/delia/Mod_Constant:Amp_Eg_Rel",
                        "value": 0.3781952559947967
                    },
                    {
                        "path": "/daw/delia/Mod_Constant:Aux_Eg_Att",
                        "value": 0.26939132809638977
                    },
                    {
                        "path": "/daw/delia/Mod_Constant:Aux_Eg_Dec",
                        "value": 0.5680436491966248
                    },
                    {
                        "path": "/daw/delia/Mod_Constant:Aux_Eg_Rel",
                        "value": 0.39093971252441406
                    },
                    {
                        "path": "/daw/delia/Mod_Constant:Aux_Eg_Sus",
                        "value": 0.11133084446191788
                    },
                    {
                        "path": "/daw/delia/Mod_Constant:Spin",
                        "value": 0.0
                    },
                    {
                        "path": "/daw/delia/Mod_Constant:Pan",
                        "value": 0.0
                    },
                    {
                        "path": "/daw/delia/Mod_Constant:Morph",
                        "value": 0.0
                    },
                    {
                        "path": "/syp/wt_name",
                        "str_value": "Wavetable32_12"
                    },
                    {
                        "path": "/daw/delia/Mod_Filt_Env:Morph",
                        "value": 0.0
                    },
                    {
                        "path": "/daw/delia/Filt_Eg_Reset",
                        "value": 0
                    },
                    {
                        "path": "/daw/delia/Key_Pitch_Offset",
                        "value": 0.0
                    },
                    {
                        "path": "/daw/delia/Lfo_1_Sync_Rate",
                        "value": 0.0
                    },
                    {
                        "path": "/daw/delia/Lfo_2_Sync_Rate",
                        "value": 0.0
                    },
                    {
                        "path": "/daw/delia/Lfo_3_Sync_Rate",
                        "value": 0.0
                    },
                    {
                        "path": "/daw/delia/Mod_Filt_Eg:Filter_LP_Cutoff",
                        "value": 0.7306818962097168
                    },
                    {
                        "path": "/daw/delia/Aux_Eg_Slow",
                        "value": 0.0
                    },
                    {
                        "path": "/daw/delia/Lfo_1_Unipolar",
                        "value": 0.0
                    },
                    {
                        "path": "/daw/delia/Lfo_2_Unipolar",
                        "value": 0.0
                    },
                    {
                        "path": "/daw/delia/Lfo_3_Unipolar",
                        "value": 0.0
                    },
                    {
                        "path": "/daw/delia/Mod_Offset:Spin",
                        "value": 0.0
                    },
                    {
                        "path": "/daw/delia/Mod_LFO_1:Osc_1_Pitch",
                        "value": 0.07251155376434326
                    },
                    {
                        "path": "/daw/delia/Mod_LFO_1:Osc_2_Pitch",
                        "value": 0.07251155376434326
                    },
                    {
                        "path": "/daw/delia/Mod_LFO_1:Osc_3_Pitch",
                        "value": 0.07163262367248535
                    },
                    {
                        "path": "/daw/delia/Mod_Key_Vel:Filter_LP_Resonance",
                        "value": 0.2781074047088623
                    },
                    {
                        "path": "/daw/delia/Mod_Key_Pitch:Pan",
                        "value": 1.0
                    },
                    {
                        "path": "/daw/delia/Mod_Key_Pitch:Filter_LP_Cutoff",
                        "value": -0.3999121189117432
                    },
                    {
                        "path": "/daw/delia/Mod_Pan:Pan",
                        "value": 0.25
                    },
                    {
                        "path": "/daw/delia/Mod_Modwheel:LFO_1_Gain",
                        "value": 0.04745626449584961
                    },
                    {
                        "path": "/daw/delia/Mod_Aux_Eg:Filter_HP_Cutoff",
                        "value": 0.7970409393310547
                    },
                    {
                        "path": "/daw/delia/Mod_LFO_3:Filter_HP_Cutoff",
                        "value": 0.039039015769958496
                    },
                    {
                        "path": "/daw/delia/Mod_LFO_3:Osc_3_Pitch",
                        "value": 0.0
                    },
                    {
                        "path": "/daw/delia/Mod_Aux_Eg:Osc_3_Shape",
                        "value": 0.3284991979598999
                    },
                    {
                        "path": "/daw/delia/Mod_Key_Pitch:Filter_HP_Cutoff",
                        "value": 0.38028275966644287
                    },
                    {
                        "path": "/daw/delia/Mod_Modwheel:LFO_1_Rate",
                        "value": 0.15901267528533936
                    },
                    {
                        "path": "/daw/delia/Mod_Modwheel:Filter_LP_Cutoff",
                        "value": 0.0
                    },
                    {
                        "path": "/daw/delia/Mod_Modwheel:Filt_Eg_Att",
                        "value": -0.15278691053390503
                    },
                    {
                        "path": "/daw/delia/Mod_Modwheel:Filt_Eg_Dec",
                        "value": -0.12268364429473876
                    },
                    {
                        "path": "/daw/delia/Mod_Modwheel:LFO_2_Gain",
                        "value": 1.0
                    },
                    {
                        "path": "/daw/delia/Mod_LFO_2:Osc_1_Pitch",
                        "value": 0.07280457019805908
                    },
                    {
                        "path": "/daw/delia/Mod_LFO_2:Osc_2_Pitch",
                        "value": 0.07170581817626953
                    },
                    {
                        "path": "/daw/delia/Mod_LFO_2:Osc_3_Pitch",
                        "value": 0.07273125648498535
                    },
                    {
                        "path": "/daw/delia/Mod_Modwheel:LFO_2_Rate",
                        "value": -0.07068043947219849
                    }
                ],
                "state_b": [
                    {
                        "path": "/daw/delia/Osc_1_Fine_Tune",
                        "value": 2.410139560699463
                    },
                    {
                        "path": "/daw/delia/Volume",
                        "value": 1.0
                    },
                    {
                        "path": "/daw/delia/Glide_Time",
                        "value": 0.0
                    },
                    {
                        "path": "/daw/delia/Osc_1_Coarse_Tune",
                        "value": -1
                    },
                    {
                        "path": "/daw/delia/Osc_2_Coarse_Tune",
                        "value": -1
                    },
                    {
                        "path": "/daw/delia/Osc_3_Coarse_Tune",
                        "value": 1
                    },
                    {
                        "path": "/daw/delia/Osc_2_Fine_Tune",
                        "value": -0.10301065444946288
                    },
                    {
                        "path": "/daw/delia/Osc_3_Fine_Tune",
                        "value": -5.204201698303223
                    },
                    {
                        "path": "/daw/delia/Sub_Osc_En",
                        "value": 0
                    },
                    {
                        "path": "/daw/delia/Hard_Sync_En",
                        "value": 2
                    },
                    {
                        "path": "/daw/delia/Amp_Eg_Vel",
                        "value": 0.5
                    },
                    {
                        "path": "/daw/delia/Filt_Eg_Vel",
                        "value": 0.5
                    },
                    {
                        "path": "/daw/delia/Aux_Eg_Vel",
                        "value": 0.0
                    },
                    {
                        "path": "/daw/delia/Amp_Eg_Reset",
                        "value": 0
                    },
                    {
                        "path": "/daw/delia/Aux_Eg_Reset",
                        "value": 0.0
                    },
                    {
                        "path": "/daw/delia/Unison_Detune",
                        "value": 0.12399670481681824
                    },
                    {
                        "path": "/daw/delia/Offset",
                        "value": 0.0
                    },
                    {
                        "path": "/daw/delia/Osc_4_Mode",
                        "value": 1.0
                    },
                    {
                        "path": "/daw/delia/Mod_Constant:Osc_4_Tone",
                        "value": 1.0
                    },
                    {
                        "path": "/daw/delia/Filter_LP_Mode",
                        "value": 1.0
                    },
                    {
                        "path": "/daw/delia/Filter_HP_Mode",
                        "value": 0.0
                    },
                    {
                        "path": "/daw/delia/Spin_Reset",
                        "value": 0
                    },
                    {
                        "path": "/daw/delia/Lfo_1_Shape",
                        "value": 5
                    },
                    {
                        "path": "/daw/delia/Lfo_2_Shape",
                        "value": 0
                    },
                    {
                        "path": "/daw/delia/Lfo_3_Shape",
                        "value": 0.0
                    },
                    {
                        "path": "/daw/delia/Lfo_1_Slew",
                        "value": 1.0
                    },
                    {
                        "path": "/daw/delia/Lfo_2_Slew",
                        "value": 1.0
                    },
                    {
                        "path": "/daw/delia/Lfo_3_Slew",
                        "value": 1.0
                    },
                    {
                        "path": "/daw/delia/Lfo_1_Retrigger",
                        "value": 0
                    },
                    {
                        "path": "/daw/delia/Lfo_2_Retrigger",
                        "value": 0
                    },
                    {
                        "path": "/daw/delia/Lfo_3_Retrigger",
                        "value": 0.0
                    },
                    {
                        "path": "/daw/delia/Mod_Key_Pitch:Osc_1_Pitch",
                        "value": 1.0
                    },
                    {
                        "path": "/daw/delia/Mod_Key_Pitch:Osc_2_Pitch",
                        "value": 1.0
                    },
                    {
                        "path": "/daw/delia/Mod_Key_Pitch:Osc_3_Pitch",
                        "value": 1.0
                    },
                    {
                        "path": "/daw/delia/Mod_Constant:Osc_1_Level",
                        "value": 0.41814985871315
                    },
                    {
                        "path": "/daw/delia/Mod_Constant:Filt_Eg_Lvl",
                        "value": 0.9122903347015381
                    },
                    {
                        "path": "/daw/delia/Mod_Constant:Amp_Eg_Sus",
                        "value": 0.7509338855743408
                    },
                    {
                        "path": "/daw/delia/Mod_Constant:Amp_Eg_Lvl",
                        "value": 0.6283966898918152
                    },
                    {
                        "path": "/daw/delia/Mod_Constant:Aux_Eg_Lvl",
                        "value": 1.0
                    },
                    {
                        "path": "/daw/delia/Mod_Constant:Osc_1_Pitch",
                        "value": 0.0
                    },
                    {
                        "path": "/daw/delia/Mod_Constant:Osc_1_Shape",
                        "value": 0.3333333333333333
                    },
                    {
                        "path": "/daw/delia/Mod_Constant:Osc_2_Pitch",
                        "value": 0.0
                    },
                    {
                        "path": "/daw/delia/Mod_Constant:Osc_2_Shape",
                        "value": 0.7807685732841492
                    },
                    {
                        "path": "/daw/delia/Mod_Constant:Osc_2_Level",
                        "value": 0.7399472594261169
                    },
                    {
                        "path": "/daw/delia/Mod_Constant:Osc_3_Pitch",
                        "value": 0.0
                    },
                    {
                        "path": "/daw/delia/Mod_Constant:Osc_3_Shape",
                        "value": 0.22954662144184113
                    },
                    {
                        "path": "/daw/delia/Mod_Constant:Osc_3_Level",
                        "value": 0.6767254670461019
                    },
                    {
                        "path": "/daw/delia/Mod_Constant:Osc_4_Level",
                        "value": 0.8802827000617981
                    },
                    {
                        "path": "/daw/delia/Mod_Constant:Filter_LP_Cutoff",
                        "value": 0.09290998429059982
                    },
                    {
                        "path": "/daw/delia/Mod_Constant:Filter_LP_Resonance",
                        "value": 0.3011426031589508
                    },
                    {
                        "path": "/daw/delia/Mod_Constant:Filter_HP_Cutoff",
                        "value": 0.0
                    },
                    {
                        "path": "/daw/delia/Mod_Constant:Filter_HP_Resonance",
                        "value": 0.0
                    },
                    {
                        "path": "/daw/delia/Mod_Constant:LFO_1_Rate",
                        "value": 0.3330037295818329
                    },
                    {
                        "path": "/daw/delia/Mod_Constant:LFO_1_Gain",
                        "value": 0.5107285638280487
                    },
                    {
                        "path": "/daw/delia/Mod_Constant:LFO_2_Rate",
                        "value": 0.5
                    },
                    {
                        "path": "/daw/delia/Mod_Constant:LFO_2_Gain",
                        "value": 0.4864775122388618
                    },
                    {
                        "path": "/daw/delia/Mod_Constant:LFO_3_Rate",
                        "value": 0.1
                    },
                    {
                        "path": "/daw/delia/Mod_Constant:LFO_3_Gain",
                        "value": 0.1
                    },
                    {
                        "path": "/daw/delia/Mod_Constant:Drive",
                        "value": 0.6399692445993423
                    },
                    {
                        "path": "/daw/delia/Mod_Constant:Filt_Eg_Att",
                        "value": 0.2948070168495178
                    },
                    {
                        "path": "/daw/delia/Mod_Constant:Filt_Eg_Dec",
                        "value": 0.6470739245414734
                    },
                    {
                        "path": "/daw/delia/Mod_Constant:Filt_Eg_Rel",
                        "value": 0.7157034873962402
                    },
                    {
                        "path": "/daw/delia/Mod_Constant:Filt_Eg_Sus",
                        "value": 0.49831539392471313
                    },
                    {
                        "path": "/daw/delia/Mod_Constant:Amp_Eg_Att",
                        "value": 0.1281769573688507
                    },
                    {
                        "path": "/daw/delia/Mod_Constant:Amp_Eg_Dec",
                        "value": 0.7427305579185486
                    },
                    {
                        "path": "/daw/delia/Mod_Constant:Amp_Eg_Rel",
                        "value": 0.8559290766716003
                    },
                    {
                        "path": "/daw/delia/Mod_Constant:Aux_Eg_Att",
                        "value": 0.1
                    },
                    {
                        "path": "/daw/delia/Mod_Constant:Aux_Eg_Dec",
                        "value": 0.1
                    },
                    {
                        "path": "/daw/delia/Mod_Constant:Aux_Eg_Rel",
                        "value": 0.1
                    },
                    {
                        "path": "/daw/delia/Mod_Constant:Aux_Eg_Sus",
                        "value": 0.0
                    },
                    {
                        "path": "/daw/delia/Mod_Constant:Spin",
                        "value": 0.0
                    },
                    {
                        "path": "/daw/delia/Mod_Constant:Pan",
                        "value": 0.0
                    },
                    {
                        "path": "/daw/delia/Mod_Constant:Morph",
                        "value": 0.0
                    },
                    {
                        "path": "/syp/wt_name",
                        "str_value": "Wavetable32_14"
                    },
                    {
                        "path": "/daw/delia/Mod_Filt_Env:Morph",
                        "value": 0.0
                    },
                    {
                        "path": "/daw/delia/Filt_Eg_Reset",
                        "value": 0
                    },
                    {
                        "path": "/daw/delia/Key_Pitch_Offset",
                        "value": 0.0
                    },
                    {
                        "path": "/daw/delia/Lfo_1_Sync_Rate",
                        "value": 0.0
                    },
                    {
                        "path": "/daw/delia/Lfo_2_Sync_Rate",
                        "value": 0.0
                    },
                    {
                        "path": "/daw/delia/Lfo_3_Sync_Rate",
                        "value": 0.0
                    },
                    {
                        "path": "/daw/delia/Mod_Filt_Eg:Filter_LP_Cutoff",
                        "value": 0.7306818962097168
                    },
                    {
                        "path": "/daw/delia/Aux_Eg_Slow",
                        "value": 0.0
                    },
                    {
                        "path": "/daw/delia/Lfo_1_Unipolar",
                        "value": 0.0
                    },
                    {
                        "path": "/daw/delia/Lfo_2_Unipolar",
                        "value": 0.0
                    },
                    {
                        "path": "/daw/delia/Lfo_3_Unipolar",
                        "value": 0.0
                    },
                    {
                        "path": "/daw/delia/Mod_Offset:Spin",
                        "value": 0.0
                    }
                ]
            }
        },
        {
            "layer_id": "d1",
            "params": [
                {
                    "path": "/daw/delia/Split_Low_Note",
                    "value": 0.0
                },
                {
                    "path": "/daw/delia/Split_High_Note",
                    "value": 127.0
                },
                {
                    "path": "/daw/delia/Channel_Filter",
                    "value": 0.0
                },
                {
                    "path": "/daw/delia/Output_Routing",
                    "value": 2.0
                },
                {
                    "path": "/daw/delia/Layer_Volume",
                    "value": 1.0
                },
                {
                    "path": "/daw/delia/Octave_Offset",
                    "value": 0.0
                },
                {
                    "path": "/daw/delia/Midi_Mod_Src_1_Sel",
                    "value": 0.9921875
                },
                {
                    "path": "/daw/delia/Midi_Mod_Src_2_Sel",
                    "value": 0.0
                },
                {
                    "path": "/daw/delia/Ext_In_Mode",
                    "value": 0.0
                },
                {
                    "path": "/daw/delia/Ext_In_Gain",
                    "value": 0.0
                }
            ],
            "patch": {
                "name": "INIT L2",
                "common": [
                    {
                        "path": "/daw/delia/Morph",
                        "value": 0.0
                    },
                    {
                        "path": "/daw/delia/Unison_Voices",
                        "value": 1.0
                    },
                    {
                        "path": "/daw/delia/Pan_Num",
                        "value": 1.0
                    },
                    {
                        "path": "/daw/delia/Poly_Mode",
                        "value": 3.0
                    },
                    {
                        "path": "/daw/delia/LFO_1_Tempo_Sync",
                        "value": 0.0
                    },
                    {
                        "path": "/daw/delia/LFO_2_Tempo_Sync",
                        "value": 0.0
                    },
                    {
                        "path": "/daw/delia/LFO_3_Tempo_Sync",
                        "value": 0.0
                    },
                    {
                        "path": "/daw/delia/WT_Interpolate",
                        "value": 0.0
                    },
                    {
                        "path": "/daw/delia/Pitch_Bend_Range",
                        "value": 7.0
                    },
                    {
                        "path": "/daw/delia/Glide_Mode",
                        "value": 0.0
                    },
                    {
                        "path": "/daw/delia/Paraphonic_Mode",
                        "value": 0.0
                    },
                    {
                        "path": "/daw/delia/LFO_1_Global",
                        "value": 0.0
                    },
                    {
                        "path": "/daw/delia/LFO_2_Global",
                        "value": 0.0
                    },
                    {
                        "path": "/daw/delia/LFO_3_Global",
                        "value": 0.0
                    },
                    {
                        "path": "/daw/delia/Vintage_Level",
                        "value": 0.10000000149011612
                    }
                ],
                "state_a": [
                    {
                        "path": "/daw/delia/Osc_1_Fine_Tune",
                        "value": 0.0
                    },
                    {
                        "path": "/daw/delia/Volume",
                        "value": 1.0
                    },
                    {
                        "path": "/daw/delia/Glide_Time",
                        "value": 0.0
                    },
                    {
                        "path": "/daw/delia/Osc_1_Coarse_Tune",
                        "value": 0.0
                    },
                    {
                        "path": "/daw/delia/Osc_2_Coarse_Tune",
                        "value": 0.0
                    },
                    {
                        "path": "/daw/delia/Osc_3_Coarse_Tune",
                        "value": 0.0
                    },
                    {
                        "path": "/daw/delia/Osc_2_Fine_Tune",
                        "value": 0.0
                    },
                    {
                        "path": "/daw/delia/Osc_3_Fine_Tune",
                        "value": 0.0
                    },
                    {
                        "path": "/daw/delia/Sub_Osc_En",
                        "value": 0.0
                    },
                    {
                        "path": "/daw/delia/Hard_Sync_En",
                        "value": 0.0
                    },
                    {
                        "path": "/daw/delia/Amp_Eg_Vel",
                        "value": 0.0
                    },
                    {
                        "path": "/daw/delia/Filt_Eg_Vel",
                        "value": 0.0
                    },
                    {
                        "path": "/daw/delia/Aux_Eg_Vel",
                        "value": 0.0
                    },
                    {
                        "path": "/daw/delia/Amp_Eg_Reset",
                        "value": 0.0
                    },
                    {
                        "path": "/daw/delia/Aux_Eg_Reset",
                        "value": 0.0
                    },
                    {
                        "path": "/daw/delia/Unison_Detune",
                        "value": 0.0
                    },
                    {
                        "path": "/daw/delia/Offset",
                        "value": 0.0
                    },
                    {
                        "path": "/daw/delia/Osc_4_Mode",
                        "value": 0.0
                    },
                    {
                        "path": "/daw/delia/Mod_Constant:Osc_4_Tone",
                        "value": 1.0
                    },
                    {
                        "path": "/daw/delia/Filter_LP_Mode",
                        "value": 1.0
                    },
                    {
                        "path": "/daw/delia/Filter_HP_Mode",
                        "value": 0.0
                    },
                    {
                        "path": "/daw/delia/Spin_Reset",
                        "value": 0.0
                    },
                    {
                        "path": "/daw/delia/Lfo_1_Shape",
                        "value": 0.0
                    },
                    {
                        "path": "/daw/delia/Lfo_2_Shape",
                        "value": 0.0
                    },
                    {
                        "path": "/daw/delia/Lfo_3_Shape",
                        "value": 0.0
                    },
                    {
                        "path": "/daw/delia/Lfo_1_Slew",
                        "value": 1.0
                    },
                    {
                        "path": "/daw/delia/Lfo_2_Slew",
                        "value": 1.0
                    },
                    {
                        "path": "/daw/delia/Lfo_3_Slew",
                        "value": 1.0
                    },
                    {
                        "path": "/daw/delia/Lfo_1_Retrigger",
                        "value": 0.0
                    },
                    {
                        "path": "/daw/delia/Lfo_2_Retrigger",
                        "value": 0.0
                    },
                    {
                        "path": "/daw/delia/Lfo_3_Retrigger",
                        "value": 0.0
                    },
                    {
                        "path": "/daw/delia/Mod_Key_Pitch:Osc_1_Pitch",
                        "value": 1.0
                    },
                    {
                        "path": "/daw/delia/Mod_Key_Pitch:Osc_2_Pitch",
                        "value": 1.0
                    },
                    {
                        "path": "/daw/delia/Mod_Key_Pitch:Osc_3_Pitch",
                        "value": 1.0
                    },
                    {
                        "path": "/daw/delia/Mod_Constant:Osc_1_Level",
                        "value": 1.0
                    },
                    {
                        "path": "/daw/delia/Mod_Constant:Filt_Eg_Lvl",
                        "value": 0.0
                    },
                    {
                        "path": "/daw/delia/Mod_Constant:Amp_Eg_Sus",
                        "value": 1.0
                    },
                    {
                        "path": "/daw/delia/Mod_Constant:Amp_Eg_Lvl",
                        "value": 1.0
                    },
                    {
                        "path": "/daw/delia/Mod_Constant:Aux_Eg_Lvl",
                        "value": 1.0
                    },
                    {
                        "path": "/daw/delia/Mod_Constant:Osc_1_Pitch",
                        "value": 0.0
                    },
                    {
                        "path": "/daw/delia/Mod_Constant:Osc_1_Shape",
                        "value": 0.333333333333333
                    },
                    {
                        "path": "/daw/delia/Mod_Constant:Osc_2_Pitch",
                        "value": 0.0
                    },
                    {
                        "path": "/daw/delia/Mod_Constant:Osc_2_Shape",
                        "value": 0.3333333333333333
                    },
                    {
                        "path": "/daw/delia/Mod_Constant:Osc_2_Level",
                        "value": 0.0
                    },
                    {
                        "path": "/daw/delia/Mod_Constant:Osc_3_Pitch",
                        "value": 0.0
                    },
                    {
                        "path": "/daw/delia/Mod_Constant:Osc_3_Shape",
                        "value": 0.0
                    },
                    {
                        "path": "/daw/delia/Mod_Constant:Osc_3_Level",
                        "value": 0.0
                    },
                    {
                        "path": "/daw/delia/Mod_Constant:Osc_4_Level",
                        "value": 0.0
                    },
                    {
                        "path": "/daw/delia/Mod_Constant:Filter_LP_Cutoff",
                        "value": 1.0
                    },
                    {
                        "path": "/daw/delia/Mod_Constant:Filter_LP_Resonance",
                        "value": 0.0
                    },
                    {
                        "path": "/daw/delia/Mod_Constant:Filter_HP_Cutoff",
                        "value": 0.0
                    },
                    {
                        "path": "/daw/delia/Mod_Constant:Filter_HP_Resonance",
                        "value": 0.0
                    },
                    {
                        "path": "/daw/delia/Mod_Constant:LFO_1_Rate",
                        "value": 0.1
                    },
                    {
                        "path": "/daw/delia/Mod_Constant:LFO_1_Gain",
                        "value": 0.1
                    },
                    {
                        "path": "/daw/delia/Mod_Constant:LFO_2_Rate",
                        "value": 0.1
                    },
                    {
                        "path": "/daw/delia/Mod_Constant:LFO_2_Gain",
                        "value": 0.1
                    },
                    {
                        "path": "/daw/delia/Mod_Constant:LFO_3_Rate",
                        "value": 0.1
                    },
                    {
                        "path": "/daw/delia/Mod_Constant:LFO_3_Gain",
                        "value": 0.1
                    },
                    {
                        "path": "/daw/delia/Mod_Constant:Drive",
                        "value": 0.45
                    },
                    {
                        "path": "/daw/delia/Mod_Constant:Filt_Eg_Att",
                        "value": 0.1
                    },
                    {
                        "path": "/daw/delia/Mod_Constant:Filt_Eg_Dec",
                        "value": 0.1
                    },
                    {
                        "path": "/daw/delia/Mod_Constant:Filt_Eg_Rel",
                        "value": 0.1
                    },
                    {
                        "path": "/daw/delia/Mod_Constant:Filt_Eg_Sus",
                        "value": 1.0
                    },
                    {
                        "path": "/daw/delia/Mod_Constant:Amp_Eg_Att",
                        "value": 0.1
                    },
                    {
                        "path": "/daw/delia/Mod_Constant:Amp_Eg_Dec",
                        "value": 0.1
                    },
                    {
                        "path": "/daw/delia/Mod_Constant:Amp_Eg_Rel",
                        "value": 0.1
                    },
                    {
                        "path": "/daw/delia/Mod_Constant:Aux_Eg_Att",
                        "value": 0.1
                    },
                    {
                        "path": "/daw/delia/Mod_Constant:Aux_Eg_Dec",
                        "value": 0.1
                    },
                    {
                        "path": "/daw/delia/Mod_Constant:Aux_Eg_Rel",
                        "value": 0.1
                    },
                    {
                        "path": "/daw/delia/Mod_Constant:Aux_Eg_Sus",
                        "value": 0.0
                    },
                    {
                        "path": "/daw/delia/Mod_Constant:Spin",
                        "value": 0.0
                    },
                    {
                        "path": "/daw/delia/Mod_Constant:Pan",
                        "value": 0.0
                    },
                    {
                        "path": "/daw/delia/Mod_Constant:Morph",
                        "value": 0.0
                    },
                    {
                        "path": "/syp/wt_name",
                        "str_value": "WT_80s_19"
                    },
                    {
                        "path": "/daw/delia/Mod_Filt_Env:Morph",
                        "value": 0.0
                    },
                    {
                        "path": "/daw/delia/Filt_Eg_Reset",
                        "value": 0.0
                    },
                    {
                        "path": "/daw/delia/Key_Pitch_Offset",
                        "value": 0.0
                    },
                    {
                        "path": "/daw/delia/Lfo_1_Sync_Rate",
                        "value": 0.0
                    },
                    {
                        "path": "/daw/delia/Lfo_2_Sync_Rate",
                        "value": 0.0
                    },
                    {
                        "path": "/daw/delia/Lfo_3_Sync_Rate",
                        "value": 0.0
                    },
                    {
                        "path": "/daw/delia/Mod_Filt_Eg:Filter_LP_Cutoff",
                        "value": 1.0
                    },
                    {
                        "path": "/daw/delia/Aux_Eg_Slow",
                        "value": 0.0
                    },
                    {
                        "path": "/daw/delia/Lfo_1_Unipolar",
                        "value": 0.0
                    },
                    {
                        "path": "/daw/delia/Lfo_2_Unipolar",
                        "value": 0.0
                    },
                    {
                        "path": "/daw/delia/Lfo_3_Unipolar",
                        "value": 0.0
                    }
                ],
                "state_b": [
                    {
                        "path": "/daw/delia/Osc_1_Fine_Tune",
                        "value": 0.0
                    },
                    {
                        "path": "/daw/delia/Volume",
                        "value": 1.0
                    },
                    {
                        "path": "/daw/delia/Glide_Time",
                        "value": 0.0
                    },
                    {
                        "path": "/daw/delia/Osc_1_Coarse_Tune",
                        "value": 0.0
                    },
                    {
                        "path": "/daw/delia/Osc_2_Coarse_Tune",
                        "value": 0.0
                    },
                    {
                        "path": "/daw/delia/Osc_3_Coarse_Tune",
                        "value": 0.0
                    },
                    {
                        "path": "/daw/delia/Osc_2_Fine_Tune",
                        "value": 0.0
                    },
                    {
                        "path": "/daw/delia/Osc_3_Fine_Tune",
                        "value": 0.0
                    },
                    {
                        "path": "/daw/delia/Sub_Osc_En",
                        "value": 0.0
                    },
                    {
                        "path": "/daw/delia/Hard_Sync_En",
                        "value": 0.0
                    },
                    {
                        "path": "/daw/delia/Amp_Eg_Vel",
                        "value": 0.0
                    },
                    {
                        "path": "/daw/delia/Filt_Eg_Vel",
                        "value": 0.0
                    },
                    {
                        "path": "/daw/delia/Aux_Eg_Vel",
                        "value": 0.0
                    },
                    {
                        "path": "/daw/delia/Amp_Eg_Reset",
                        "value": 0.0
                    },
                    {
                        "path": "/daw/delia/Aux_Eg_Reset",
                        "value": 0.0
                    },
                    {
                        "path": "/daw/delia/Unison_Detune",
                        "value": 0.0
                    },
                    {
                        "path": "/daw/delia/Offset",
                        "value": 0.0
                    },
                    {
                        "path": "/daw/delia/Osc_4_Mode",
                        "value": 0.0
                    },
                    {
                        "path": "/daw/delia/Mod_Constant:Osc_4_Tone",
                        "value": 1.0
                    },
                    {
                        "path": "/daw/delia/Filter_LP_Mode",
                        "value": 1.0
                    },
                    {
                        "path": "/daw/delia/Filter_HP_Mode",
                        "value": 0.0
                    },
                    {
                        "path": "/daw/delia/Spin_Reset",
                        "value": 0.0
                    },
                    {
                        "path": "/daw/delia/Lfo_1_Shape",
                        "value": 0.0
                    },
                    {
                        "path": "/daw/delia/Lfo_2_Shape",
                        "value": 0.0
                    },
                    {
                        "path": "/daw/delia/Lfo_3_Shape",
                        "value": 0.0
                    },
                    {
                        "path": "/daw/delia/Lfo_1_Slew",
                        "value": 1.0
                    },
                    {
                        "path": "/daw/delia/Lfo_2_Slew",
                        "value": 1.0
                    },
                    {
                        "path": "/daw/delia/Lfo_3_Slew",
                        "value": 1.0
                    },
                    {
                        "path": "/daw/delia/Lfo_1_Retrigger",
                        "value": 0.0
                    },
                    {
                        "path": "/daw/delia/Lfo_2_Retrigger",
                        "value": 0.0
                    },
                    {
                        "path": "/daw/delia/Lfo_3_Retrigger",
                        "value": 0.0
                    },
                    {
                        "path": "/daw/delia/Mod_Key_Pitch:Osc_1_Pitch",
                        "value": 1.0
                    },
                    {
                        "path": "/daw/delia/Mod_Key_Pitch:Osc_2_Pitch",
                        "value": 1.0
                    },
                    {
                        "path": "/daw/delia/Mod_Key_Pitch:Osc_3_Pitch",
                        "value": 1.0
                    },
                    {
                        "path": "/daw/delia/Mod_Constant:Osc_1_Level",
                        "value": 1.0
                    },
                    {
                        "path": "/daw/delia/Mod_Constant:Filt_Eg_Lvl",
                        "value": 0.0
                    },
                    {
                        "path": "/daw/delia/Mod_Constant:Amp_Eg_Sus",
                        "value": 1.0
                    },
                    {
                        "path": "/daw/delia/Mod_Constant:Amp_Eg_Lvl",
                        "value": 1.0
                    },
                    {
                        "path": "/daw/delia/Mod_Constant:Aux_Eg_Lvl",
                        "value": 1.0
                    },
                    {
                        "path": "/daw/delia/Mod_Constant:Osc_1_Pitch",
                        "value": 0.0
                    },
                    {
                        "path": "/daw/delia/Mod_Constant:Osc_1_Shape",
                        "value": 0.333333333333333
                    },
                    {
                        "path": "/daw/delia/Mod_Constant:Osc_2_Pitch",
                        "value": 0.0
                    },
                    {
                        "path": "/daw/delia/Mod_Constant:Osc_2_Shape",
                        "value": 0.3333333333333333
                    },
                    {
                        "path": "/daw/delia/Mod_Constant:Osc_2_Level",
                        "value": 0.0
                    },
                    {
                        "path": "/daw/delia/Mod_Constant:Osc_3_Pitch",
                        "value": 0.0
                    },
                    {
                        "path": "/daw/delia/Mod_Constant:Osc_3_Shape",
                        "value": 0.0
                    },
                    {
                        "path": "/daw/delia/Mod_Constant:Osc_3_Level",
                        "value": 0.0
                    },
                    {
                        "path": "/daw/delia/Mod_Constant:Osc_4_Level",
                        "value": 0.0
                    },
                    {
                        "path": "/daw/delia/Mod_Constant:Filter_LP_Cutoff",
                        "value": 0.5
                    },
                    {
                        "path": "/daw/delia/Mod_Constant:Filter_LP_Resonance",
                        "value": 0.8
                    },
                    {
                        "path": "/daw/delia/Mod_Constant:Filter_HP_Cutoff",
                        "value": 0.0
                    },
                    {
                        "path": "/daw/delia/Mod_Constant:Filter_HP_Resonance",
                        "value": 0.0
                    },
                    {
                        "path": "/daw/delia/Mod_Constant:LFO_1_Rate",
                        "value": 0.1
                    },
                    {
                        "path": "/daw/delia/Mod_Constant:LFO_1_Gain",
                        "value": 0.1
                    },
                    {
                        "path": "/daw/delia/Mod_Constant:LFO_2_Rate",
                        "value": 0.1
                    },
                    {
                        "path": "/daw/delia/Mod_Constant:LFO_2_Gain",
                        "value": 0.1
                    },
                    {
                        "path": "/daw/delia/Mod_Constant:LFO_3_Rate",
                        "value": 0.1
                    },
                    {
                        "path": "/daw/delia/Mod_Constant:LFO_3_Gain",
                        "value": 0.1
                    },
                    {
                        "path": "/daw/delia/Mod_Constant:Drive",
                        "value": 0.45
                    },
                    {
                        "path": "/daw/delia/Mod_Constant:Filt_Eg_Att",
                        "value": 0.1
                    },
                    {
                        "path": "/daw/delia/Mod_Constant:Filt_Eg_Dec",
                        "value": 0.1
                    },
                    {
                        "path": "/daw/delia/Mod_Constant:Filt_Eg_Rel",
                        "value": 0.1
                    },
                    {
                        "path": "/daw/delia/Mod_Constant:Filt_Eg_Sus",
                        "value": 1.0
                    },
                    {
                        "path": "/daw/delia/Mod_Constant:Amp_Eg_Att",
                        "value": 0.1
                    },
                    {
                        "path": "/daw/delia/Mod_Constant:Amp_Eg_Dec",
                        "value": 0.1
                    },
                    {
                        "path": "/daw/delia/Mod_Constant:Amp_Eg_Rel",
                        "value": 0.1
                    },
                    {
                        "path": "/daw/delia/Mod_Constant:Aux_Eg_Att",
                        "value": 0.1
                    },
                    {
                        "path": "/daw/delia/Mod_Constant:Aux_Eg_Dec",
                        "value": 0.1
                    },
                    {
                        "path": "/daw/delia/Mod_Constant:Aux_Eg_Rel",
                        "value": 0.1
                    },
                    {
                        "path": "/daw/delia/Mod_Constant:Aux_Eg_Sus",
                        "value": 0.0
                    },
                    {
                        "path": "/daw/delia/Mod_Constant:Spin",
                        "value": 0.0
                    },
                    {
                        "path": "/daw/delia/Mod_Constant:Pan",
                        "value": 0.0
                    },
                    {
                        "path": "/daw/delia/Mod_Constant:Morph",
                        "value": 0.0
                    },
                    {
                        "path": "/syp/wt_name",
                        "str_value": "WT_80s_19"
                    },
                    {
                        "path": "/daw/delia/Mod_Filt_Env:Morph",
                        "value": 0.0
                    },
                    {
                        "path": "/daw/delia/Filt_Eg_Reset",
                        "value": 0.0
                    },
                    {
                        "path": "/daw/delia/Key_Pitch_Offset",
                        "value": 0.0
                    },
                    {
                        "path": "/daw/delia/Lfo_1_Sync_Rate",
                        "value": 0.0
                    },
                    {
                        "path": "/daw/delia/Lfo_2_Sync_Rate",
                        "value": 0.0
                    },
                    {
                        "path": "/daw/delia/Lfo_3_Sync_Rate",
                        "value": 0.0
                    },
                    {
                        "path": "/daw/delia/Mod_Filt_Eg:Filter_LP_Cutoff",
                        "value": 1.0
                    },
                    {
                        "path": "/daw/delia/Aux_Eg_Slow",
                        "value": 0.0
                    },
                    {
                        "path": "/daw/delia/Lfo_1_Unipolar",
                        "value": 0.0
                    },
                    {
                        "path": "/daw/delia/Lfo_2_Unipolar",
                        "value": 0.0
                    },
                    {
                        "path": "/daw/delia/Lfo_3_Unipolar",
                        "value": 0.0
                    }
                ]
            }
        }
    ],
    "revision": 1
}