{
    "version": "0.1.0",
    "params": [
        {
            "path": "/seq/num_steps",
            "value": 16
        },
        {
            "path": "/seq/tempo_note_value",
            "value": 2
        },
        {
            "path": "/seq/hold",
            "value": 1.0
        },
        {
            "path": "/seq/step_1",
            "str_value": "00FFFFFFFFFFFFFFFFFFFFFFFF"
        },
        {
            "path": "/seq/step_2",
            "str_value": "00FFFFFFFFFFFFFFFFFFFFFFFF"
        },
        {
            "path": "/seq/step_3",
            "str_value": "00FFFFFFFFFFFFFFFFFFFFFFFF"
        },
        {
            "path": "/seq/step_4",
            "str_value": "00FFFFFFFFFFFFFFFFFFFFFFFF"
        },
        {
            "path": "/seq/step_5",
            "str_value": "00FFFFFFFFFFFFFFFFFFFFFFFF"
        },
        {
            "path": "/seq/step_6",
            "str_value": "00FFFFFFFFFFFFFFFFFFFFFFFF"
        },
        {
            "path": "/seq/step_7",
            "str_value": "00FFFFFFFFFFFFFFFFFFFFFFFF"
        },
        {
            "path": "/seq/step_8",
            "str_value": "00FFFFFFFFFFFFFFFFFFFFFFFF"
        },
        {
            "path": "/seq/step_9",
            "str_value": "00FFFFFFFFFFFFFFFFFFFFFFFF"
        },
        {
            "path": "/seq/step_10",
            "str_value": "00FFFFFFFFFFFFFFFFFFFFFFFF"
        },
        {
            "path": "/seq/step_11",
            "str_value": "00FFFFFFFFFFFFFFFFFFFFFFFF"
        },
        {
            "path": "/seq/step_12",
            "str_value": "00FFFFFFFFFFFFFFFFFFFFFFFF"
        },
        {
            "path": "/seq/step_13",
            "str_value": "00FFFFFFFFFFFFFFFFFFFFFFFF"
        },
        {
            "path": "/seq/step_14",
            "str_value": "00FFFFFFFFFFFFFFFFFFFFFFFF"
        },
        {
            "path": "/seq/step_15",
            "str_value": "00FFFFFFFFFFFFFFFFFFFFFFFF"
        },
        {
            "path": "/seq/step_16",
            "str_value": "00FFFFFFFFFFFFFFFFFFFFFFFF"
        },
        {
            "path": "/arp/enable",
            "value": 0.0
        },
        {
            "path": "/arp/dirmode",
            "value": 0.0
        },
        {
            "path": "/arp/tempo_note_value",
            "value": 2
        },
        {
            "path": "/arp/hold",
            "value": 0.0
        },
        {
            "path": "/syp/tempo_bpm",
            "value": 120.0
        },
        {
            "path": "/syp/seq_arp_midi_channel",
            "value": 0.0
        },
        {
            "path": "/daw/delia/Layer_1_Num_Voices",
            "value": 6.0
        },
        {
            "path": "/daw/delia/Layer_2_Num_Voices",
            "value": 0.0
        },
        {
            "path": "/daw/delia/FX_1_Type",
            "value": 1.0
        },
        {
            "path": "/daw/delia/FX_2_Type",
            "value": 3.0
        },
        {
            "path": "/daw/delia/FX_1_Slot",
            "value": 0.0
        },
        {
            "path": "/daw/delia/FX_2_Slot",
            "value": 0.0
        },
        {
            "path": "/daw/delia/Chorus_Mode",
            "value": 2.0
        },
        {
            "path": "/daw/delia/Chorus_Level",
            "value": 0.0
        },
        {
            "path": "/daw/delia/Delay_Time",
            "value": 0.5663625001907349
        },
        {
            "path": "/daw/delia/Delay_Feedback",
            "value": 0.1427045464515686
        },
        {
            "path": "/daw/delia/Delay_Level",
            "value": 0.0
        },
        {
            "path": "/daw/delia/Delay_Filter",
            "value": 0.0
        },
        {
            "path": "/daw/delia/Delay_Mode",
            "value": 0.0
        },
        {
            "path": "/daw/delia/Reverb_Time",
            "value": 0.6504715085029602
        },
        {
            "path": "/daw/delia/Reverb_Preset",
            "value": 4.0
        },
        {
            "path": "/daw/delia/Reverb_Level",
            "value": 0.0
        },
        {
            "path": "/daw/delia/Mod_Constant:FX_Send_Level",
            "value": 0.4374523162841797
        },
        {
            "path": "/daw/delia/Mod_Constant:FX_Macro_Level",
            "value": 0.0
        },
        {
            "path": "/daw/delia/FX_Macro_Select",
            "value": 0.0
        },
        {
            "path": "/daw/delia/Morph_Mode",
            "value": 0.0
        },
        {
            "path": "/daw/delia/Delay_Time_Sync",
            "value": 0.0
        },
        {
            "path": "/daw/delia/Delay_Sync",
            "value": 0.0
        },
        {
            "path": "/daw/delia/Delay_Tone",
            "value": 0.0
        },
        {
            "path": "/daw/delia/Reverb_Predelay",
            "value": 0.0
        },
        {
            "path": "/daw/delia/Reverb_Tone",
            "value": 0.82619708776474
        },
        {
            "path": "/daw/delia/Reverb_Shimmer",
            "value": 0.0
        },
        {
            "path": "/seq/mode",
            "value": 0.0
        },
        {
            "path": "/daw/delia/FX_1_Mix",
            "value": 0.4475234150886536
        },
        {
            "path": "/daw/delia/FX_2_Mix",
            "value": 0.3839838802814483
        },
        {
            "path": "/seq/phrase_quantisation",
            "value": 0.0
        },
        {
            "path": "/seq/phrase_metronome_accent",
            "value": 0.0
        },
        {
            "path": "/seq/phrase_round_to_bar",
            "value": 0.0
        }
    ],
    "layers": [
        {
            "layer_id": "d0",
            "params": [
                {
                    "path": "/daw/delia/Split_Low_Note",
                    "value": 0.0
                },
                {
                    "path": "/daw/delia/Split_High_Note",
                    "value": 127.0
                },
                {
                    "path": "/daw/delia/Channel_Filter",
                    "value": 0.0
                },
                {
                    "path": "/daw/delia/Output_Routing",
                    "value": 2.0
                },
                {
                    "path": "/daw/delia/Layer_Volume",
                    "value": 1.0
                },
                {
                    "path": "/daw/delia/Octave_Offset",
                    "value": 0.0
                },
                {
                    "path": "/daw/delia/Midi_Mod_Src_1_Sel",
                    "value": 0.9921875
                },
                {
                    "path": "/daw/delia/Midi_Mod_Src_2_Sel",
                    "value": 0.0
                },
                {
                    "path": "/daw/delia/Ext_In_Mode",
                    "value": 0.0
                },
                {
                    "path": "/daw/delia/Ext_In_Gain",
                    "value": 0.0
                },
                {
                    "path": "/syp/cutoff_link",
                    "value": 0.0
                }
            ],
            "patch": {
                "name": "CIRCUS_MASTER",
                "common": [
                    {
                        "path": "/daw/delia/Morph",
                        "value": 0.0
                    },
                    {
                        "path": "/daw/delia/Unison_Voices",
                        "value": 1
                    },
                    {
                        "path": "/daw/delia/Pan_Num",
                        "value": 6.0
                    },
                    {
                        "path": "/daw/delia/Poly_Mode",
                        "value": 4
                    },
                    {
                        "path": "/daw/delia/LFO_1_Tempo_Sync",
                        "value": 0.0
                    },
                    {
                        "path": "/daw/delia/LFO_2_Tempo_Sync",
                        "value": 0.0
                    },
                    {
                        "path": "/daw/delia/LFO_3_Tempo_Sync",
                        "value": 0.0
                    },
                    {
                        "path": "/daw/delia/WT_Interpolate",
                        "value": 0.0
                    },
                    {
                        "path": "/daw/delia/Pitch_Bend_Range",
                        "value": 2.0
                    },
                    {
                        "path": "/daw/delia/Glide_Mode",
                        "value": 0.0
                    },
                    {
                        "path": "/daw/delia/Paraphonic_Mode",
                        "value": 0.0
                    },
                    {
                        "path": "/daw/delia/12_Note_Mode",
                        "value": 0.0
                    },
                    {
                        "path": "/daw/delia/LFO_1_Global",
                        "value": 0.0
                    },
                    {
                        "path": "/daw/delia/LFO_2_Global",
                        "value": 0.0
                    },
                    {
                        "path": "/daw/delia/LFO_3_Global",
                        "value": 0.0
                    },
                    {
                        "path": "/daw/delia/Vintage_Level",
                        "value": 0.10000000149011612
                    }
                ],
                "state_a": [
                    {
                        "path": "/daw/delia/Osc_1_Fine_Tune",
                        "value": -603.0469360351562
                    },
                    {
                        "path": "/daw/delia/Volume",
                        "value": 1.0
                    },
                    {
                        "path": "/daw/delia/Glide_Time",
                        "value": 0.0
                    },
                    {
                        "path": "/daw/delia/Osc_1_Coarse_Tune",
                        "value": 0.0
                    },
                    {
                        "path": "/daw/delia/Osc_2_Coarse_Tune",
                        "value": 0.0
                    },
                    {
                        "path": "/daw/delia/Osc_3_Coarse_Tune",
                        "value": 0.0
                    },
                    {
                        "path": "/daw/delia/Osc_2_Fine_Tune",
                        "value": 243.94642639160156
                    },
                    {
                        "path": "/daw/delia/Osc_3_Fine_Tune",
                        "value": 0.0
                    },
                    {
                        "path": "/daw/delia/Sub_Osc_En",
                        "value": 1.0
                    },
                    {
                        "path": "/daw/delia/Hard_Sync_En",
                        "value": 0.5
                    },
                    {
                        "path": "/daw/delia/Amp_Eg_Vel",
                        "value": 0.5
                    },
                    {
                        "path": "/daw/delia/Filt_Eg_Vel",
                        "value": 0.5
                    },
                    {
                        "path": "/daw/delia/Aux_Eg_Vel",
                        "value": 0.0
                    },
                    {
                        "path": "/daw/delia/Amp_Eg_Reset",
                        "value": 0
                    },
                    {
                        "path": "/daw/delia/Aux_Eg_Reset",
                        "value": 0.0
                    },
                    {
                        "path": "/daw/delia/Unison_Detune",
                        "value": 0.0
                    },
                    {
                        "path": "/daw/delia/Offset",
                        "value": 0.0
                    },
                    {
                        "path": "/daw/delia/Osc_4_Mode",
                        "value": 2.0
                    },
                    {
                        "path": "/daw/delia/Mod_Constant:Osc_4_Tone",
                        "value": 1.0
                    },
                    {
                        "path": "/daw/delia/Filter_LP_Mode",
                        "value": 1.0
                    },
                    {
                        "path": "/daw/delia/Filter_HP_Mode",
                        "value": 0.0
                    },
                    {
                        "path": "/daw/delia/Spin_Reset",
                        "value": 0.0
                    },
                    {
                        "path": "/daw/delia/Lfo_1_Shape",
                        "value": 0
                    },
                    {
                        "path": "/daw/delia/Lfo_2_Shape",
                        "value": 2.0
                    },
                    {
                        "path": "/daw/delia/Lfo_3_Shape",
                        "value": 0.0
                    },
                    {
                        "path": "/daw/delia/Lfo_1_Slew",
                        "value": 1.0
                    },
                    {
                        "path": "/daw/delia/Lfo_2_Slew",
                        "value": 0.9981994032859802
                    },
                    {
                        "path": "/daw/delia/Lfo_3_Slew",
                        "value": 1.0
                    },
                    {
                        "path": "/daw/delia/Lfo_1_Retrigger",
                        "value": 0
                    },
                    {
                        "path": "/daw/delia/Lfo_2_Retrigger",
                        "value": 0.5
                    },
                    {
                        "path": "/daw/delia/Lfo_3_Retrigger",
                        "value": 0.0
                    },
                    {
                        "path": "/daw/delia/Mod_Key_Pitch:Osc_1_Pitch",
                        "value": 1.0
                    },
                    {
                        "path": "/daw/delia/Mod_Key_Pitch:Osc_2_Pitch",
                        "value": 1.0
                    },
                    {
                        "path": "/daw/delia/Mod_Key_Pitch:Osc_3_Pitch",
                        "value": 1.0
                    },
                    {
                        "path": "/daw/delia/Mod_Constant:Osc_1_Level",
                        "value": 0.9857906699180604
                    },
                    {
                        "path": "/daw/delia/Mod_Constant:Filt_Eg_Lvl",
                        "value": 1.0
                    },
                    {
                        "path": "/daw/delia/Mod_Constant:Amp_Eg_Sus",
                        "value": 1.0
                    },
                    {
                        "path": "/daw/delia/Mod_Constant:Amp_Eg_Lvl",
                        "value": 0.42814767360687256
                    },
                    {
                        "path": "/daw/delia/Mod_Constant:Aux_Eg_Lvl",
                        "value": 1.0
                    },
                    {
                        "path": "/daw/delia/Mod_Constant:Osc_1_Pitch",
                        "value": 0.0
                    },
                    {
                        "path": "/daw/delia/Mod_Constant:Osc_1_Shape",
                        "value": 0.1297516971826553
                    },
                    {
                        "path": "/daw/delia/Mod_Constant:Osc_2_Pitch",
                        "value": 0.0
                    },
                    {
                        "path": "/daw/delia/Mod_Constant:Osc_2_Shape",
                        "value": 0.7302790880203247
                    },
                    {
                        "path": "/daw/delia/Mod_Constant:Osc_2_Level",
                        "value": 0.9155862927436828
                    },
                    {
                        "path": "/daw/delia/Mod_Constant:Osc_3_Pitch",
                        "value": 0.0
                    },
                    {
                        "path": "/daw/delia/Mod_Constant:Osc_3_Shape",
                        "value": 0.0
                    },
                    {
                        "path": "/daw/delia/Mod_Constant:Osc_3_Level",
                        "value": 0.7848091721534729
                    },
                    {
                        "path": "/daw/delia/Mod_Constant:Osc_4_Level",
                        "value": 0.0
                    },
                    {
                        "path": "/daw/delia/Mod_Constant:Filter_LP_Cutoff",
                        "value": 0.07573427259922028
                    },
                    {
                        "path": "/daw/delia/Mod_Constant:Filter_LP_Resonance",
                        "value": 0.33684903383255005
                    },
                    {
                        "path": "/daw/delia/Mod_Constant:Filter_HP_Cutoff",
                        "value": 0.0
                    },
                    {
                        "path": "/daw/delia/Mod_Constant:Filter_HP_Resonance",
                        "value": 0.0
                    },
                    {
                        "path": "/daw/delia/Mod_Constant:LFO_1_Rate",
                        "value": 0.3925877213478088
                    },
                    {
                        "path": "/daw/delia/Mod_Constant:LFO_1_Gain",
                        "value": 0.23265388016209737
                    },
                    {
                        "path": "/daw/delia/Mod_Constant:LFO_2_Rate",
                        "value": 0.3387534022331238
                    },
                    {
                        "path": "/daw/delia/Mod_Constant:LFO_2_Gain",
                        "value": 0.32604554295539856
                    },
                    {
                        "path": "/daw/delia/Mod_Constant:LFO_3_Rate",
                        "value": 0.1
                    },
                    {
                        "path": "/daw/delia/Mod_Constant:LFO_3_Gain",
                        "value": 0.1
                    },
                    {
                        "path": "/daw/delia/Mod_Constant:Drive",
                        "value": 0.0
                    },
                    {
                        "path": "/daw/delia/Mod_Constant:Filt_Eg_Att",
                        "value": 0.44396835565567017
                    },
                    {
                        "path": "/daw/delia/Mod_Constant:Filt_Eg_Dec",
                        "value": 0.6688640117645264
                    },
                    {
                        "path": "/daw/delia/Mod_Constant:Filt_Eg_Rel",
                        "value": 0.7025195956230164
                    },
                    {
                        "path": "/daw/delia/Mod_Constant:Filt_Eg_Sus",
                        "value": 0.3574306070804596
                    },
                    {
                        "path": "/daw/delia/Mod_Constant:Amp_Eg_Att",
                        "value": 0.0630996823310852
                    },
                    {
                        "path": "/daw/delia/Mod_Constant:Amp_Eg_Dec",
                        "value": 0.5227422714233398
                    },
                    {
                        "path": "/daw/delia/Mod_Constant:Amp_Eg_Rel",
                        "value": 0.4542957544326782
                    },
                    {
                        "path": "/daw/delia/Mod_Constant:Aux_Eg_Att",
                        "value": 0.1
                    },
                    {
                        "path": "/daw/delia/Mod_Constant:Aux_Eg_Dec",
                        "value": 0.1
                    },
                    {
                        "path": "/daw/delia/Mod_Constant:Aux_Eg_Rel",
                        "value": 0.1
                    },
                    {
                        "path": "/daw/delia/Mod_Constant:Aux_Eg_Sus",
                        "value": 0.0
                    },
                    {
                        "path": "/daw/delia/Mod_Constant:Spin",
                        "value": 0.001739555038511753
                    },
                    {
                        "path": "/daw/delia/Mod_Constant:Pan",
                        "value": 0.0
                    },
                    {
                        "path": "/daw/delia/Mod_Constant:Morph",
                        "value": 0.0
                    },
                    {
                        "path": "/syp/wt_name",
                        "str_value": "WT_80s_14"
                    },
                    {
                        "path": "/daw/delia/Mod_Filt_Env:Morph",
                        "value": 0.0
                    },
                    {
                        "path": "/daw/delia/Filt_Eg_Reset",
                        "value": 0
                    },
                    {
                        "path": "/daw/delia/Key_Pitch_Offset",
                        "value": 0.0
                    },
                    {
                        "path": "/daw/delia/Lfo_1_Sync_Rate",
                        "value": 0.0
                    },
                    {
                        "path": "/daw/delia/Lfo_2_Sync_Rate",
                        "value": 0.0
                    },
                    {
                        "path": "/daw/delia/Lfo_3_Sync_Rate",
                        "value": 0.0
                    },
                    {
                        "path": "/daw/delia/Mod_Filt_Eg:Filter_LP_Cutoff",
                        "value": 0.9499011039733888
                    },
                    {
                        "path": "/daw/delia/Aux_Eg_Slow",
                        "value": 0.0
                    },
                    {
                        "path": "/daw/delia/Lfo_1_Unipolar",
                        "value": 0.0
                    },
                    {
                        "path": "/daw/delia/Lfo_2_Unipolar",
                        "value": 0.0
                    },
                    {
                        "path": "/daw/delia/Lfo_3_Unipolar",
                        "value": 0.0
                    },
                    {
                        "path": "/daw/delia/Mod_Offset:Spin",
                        "value": 0.3071119785308838
                    },
                    {
                        "path": "/daw/delia/Mod_LFO_1:Osc_1_Pitch",
                        "value": -0.0033265352249145508
                    },
                    {
                        "path": "/daw/delia/Mod_LFO_1:Osc_2_Pitch",
                        "value": -0.0036317110061645503
                    },
                    {
                        "path": "/daw/delia/Mod_LFO_1:Osc_3_Pitch",
                        "value": -0.000335693359375
                    },
                    {
                        "path": "/daw/delia/Mod_Filt_Eg:Osc_3_Shape",
                        "value": 0.8776818513870239
                    },
                    {
                        "path": "/daw/delia/Mod_Key_Pitch:Pan",
                        "value": 1.0
                    },
                    {
                        "path": "/daw/delia/Mod_Pan:Pan",
                        "value": 0.9904172420501708
                    },
                    {
                        "path": "/daw/delia/Mod_Modwheel:LFO_1_Gain",
                        "value": 1.0
                    },
                    {
                        "path": "/daw/delia/Mod_Modwheel:Filter_LP_Cutoff",
                        "value": 0.1749798059463501
                    },
                    {
                        "path": "/daw/delia/Mod_Filt_Eg:Osc_1_Shape",
                        "value": 0.4437119960784912
                    },
                    {
                        "path": "/daw/delia/Mod_Filt_Eg:Osc_2_Pitch",
                        "value": 0.4446852207183838
                    },
                    {
                        "path": "/daw/delia/Mod_Pan:Spin",
                        "value": 0.4552446603775024
                    },
                    {
                        "path": "/daw/delia/Mod_Pan:Filt_Eg_Lvl",
                        "value": 0.0032655000686645508
                    },
                    {
                        "path": "/daw/delia/Mod_LFO_2:Osc_3_Pitch",
                        "value": -0.000946044921875
                    },
                    {
                        "path": "/daw/delia/Mod_LFO_2:Osc_1_Pitch",
                        "value": 0.3978698253631592
                    },
                    {
                        "path": "/daw/delia/Mod_Aux_Eg:LFO_2_Rate",
                        "value": 0.0
                    },
                    {
                        "path": "/daw/delia/Mod_Filt_Eg:LFO_2_Rate",
                        "value": 0.32883691787719727
                    },
                    {
                        "path": "/daw/delia/Mod_LFO_2:Osc_1_Shape",
                        "value": 0.0
                    },
                    {
                        "path": "/daw/delia/Mod_LFO_2:Osc_3_Shape",
                        "value": 0.8559291362762451
                    },
                    {
                        "path": "/daw/delia/Mod_Modwheel:LFO_3_Rate",
                        "value": 0.1352083683013916
                    },
                    {
                        "path": "/daw/delia/Mod_Modwheel:LFO_2_Rate",
                        "value": 0.164359450340271
                    },
                    {
                        "path": "/daw/delia/Mod_Modwheel:LFO_2_Gain",
                        "value": 0.4181498289108277
                    },
                    {
                        "path": "/daw/delia/LFO_1_Unipolar",
                        "value": 0.0
                    },
                    {
                        "path": "/daw/delia/LFO_2_Unipolar",
                        "value": 0.0
                    },
                    {
                        "path": "/daw/delia/LFO_3_Unipolar",
                        "value": 0.0
                    },
                    {
                        "path": "/daw/delia/Mod_LFO_2:Filter_LP_Cutoff",
                        "value": 0.9882076978683472
                    }
                ],
                "state_b": [
                    {
                        "path": "/daw/delia/Osc_1_Fine_Tune",
                        "value": -603.0469360351562
                    },
                    {
                        "path": "/daw/delia/Volume",
                        "value": 1.0
                    },
                    {
                        "path": "/daw/delia/Glide_Time",
                        "value": 0.0
                    },
                    {
                        "path": "/daw/delia/Osc_1_Coarse_Tune",
                        "value": 0.0
                    },
                    {
                        "path": "/daw/delia/Osc_2_Coarse_Tune",
                        "value": -1.0
                    },
                    {
                        "path": "/daw/delia/Osc_3_Coarse_Tune",
                        "value": -1.0
                    },
                    {
                        "path": "/daw/delia/Osc_2_Fine_Tune",
                        "value": 243.94642639160156
                    },
                    {
                        "path": "/daw/delia/Osc_3_Fine_Tune",
                        "value": 0.0
                    },
                    {
                        "path": "/daw/delia/Sub_Osc_En",
                        "value": 0.0
                    },
                    {
                        "path": "/daw/delia/Hard_Sync_En",
                        "value": 0.0
                    },
                    {
                        "path": "/daw/delia/Amp_Eg_Vel",
                        "value": 0.5
                    },
                    {
                        "path": "/daw/delia/Filt_Eg_Vel",
                        "value": 0.5
                    },
                    {
                        "path": "/daw/delia/Aux_Eg_Vel",
                        "value": 0.0
                    },
                    {
                        "path": "/daw/delia/Amp_Eg_Reset",
                        "value": 0
                    },
                    {
                        "path": "/daw/delia/Aux_Eg_Reset",
                        "value": 0.0
                    },
                    {
                        "path": "/daw/delia/Unison_Detune",
                        "value": 0.0
                    },
                    {
                        "path": "/daw/delia/Offset",
                        "value": 0.0
                    },
                    {
                        "path": "/daw/delia/Osc_4_Mode",
                        "value": 2.0
                    },
                    {
                        "path": "/daw/delia/Mod_Constant:Osc_4_Tone",
                        "value": 1.0
                    },
                    {
                        "path": "/daw/delia/Filter_LP_Mode",
                        "value": 1.0
                    },
                    {
                        "path": "/daw/delia/Filter_HP_Mode",
                        "value": 0.0
                    },
                    {
                        "path": "/daw/delia/Spin_Reset",
                        "value": 0.0
                    },
                    {
                        "path": "/daw/delia/Lfo_1_Shape",
                        "value": 0
                    },
                    {
                        "path": "/daw/delia/Lfo_2_Shape",
                        "value": 2.0
                    },
                    {
                        "path": "/daw/delia/Lfo_3_Shape",
                        "value": 0.0
                    },
                    {
                        "path": "/daw/delia/Lfo_1_Slew",
                        "value": 1.0
                    },
                    {
                        "path": "/daw/delia/Lfo_2_Slew",
                        "value": 0.9981994032859802
                    },
                    {
                        "path": "/daw/delia/Lfo_3_Slew",
                        "value": 1.0
                    },
                    {
                        "path": "/daw/delia/Lfo_1_Retrigger",
                        "value": 0
                    },
                    {
                        "path": "/daw/delia/Lfo_2_Retrigger",
                        "value": 0.5
                    },
                    {
                        "path": "/daw/delia/Lfo_3_Retrigger",
                        "value": 0.0
                    },
                    {
                        "path": "/daw/delia/Mod_Key_Pitch:Osc_1_Pitch",
                        "value": 1.0
                    },
                    {
                        "path": "/daw/delia/Mod_Key_Pitch:Osc_2_Pitch",
                        "value": 1.0
                    },
                    {
                        "path": "/daw/delia/Mod_Key_Pitch:Osc_3_Pitch",
                        "value": 1.0
                    },
                    {
                        "path": "/daw/delia/Mod_Constant:Osc_1_Level",
                        "value": 0.9857906699180604
                    },
                    {
                        "path": "/daw/delia/Mod_Constant:Filt_Eg_Lvl",
                        "value": 1.0
                    },
                    {
                        "path": "/daw/delia/Mod_Constant:Amp_Eg_Sus",
                        "value": 1.0
                    },
                    {
                        "path": "/daw/delia/Mod_Constant:Amp_Eg_Lvl",
                        "value": 0.5648941397666931
                    },
                    {
                        "path": "/daw/delia/Mod_Constant:Aux_Eg_Lvl",
                        "value": 1.0
                    },
                    {
                        "path": "/daw/delia/Mod_Constant:Osc_1_Pitch",
                        "value": 0.0
                    },
                    {
                        "path": "/daw/delia/Mod_Constant:Osc_1_Shape",
                        "value": 0.4840328097343445
                    },
                    {
                        "path": "/daw/delia/Mod_Constant:Osc_2_Pitch",
                        "value": 0.0
                    },
                    {
                        "path": "/daw/delia/Mod_Constant:Osc_2_Shape",
                        "value": 0.4950926601886749
                    },
                    {
                        "path": "/daw/delia/Mod_Constant:Osc_2_Level",
                        "value": 0.9155862927436828
                    },
                    {
                        "path": "/daw/delia/Mod_Constant:Osc_3_Pitch",
                        "value": 0.0
                    },
                    {
                        "path": "/daw/delia/Mod_Constant:Osc_3_Shape",
                        "value": 0.6904343366622925
                    },
                    {
                        "path": "/daw/delia/Mod_Constant:Osc_3_Level",
                        "value": 0.7510437369346619
                    },
                    {
                        "path": "/daw/delia/Mod_Constant:Osc_4_Level",
                        "value": 0.0
                    },
                    {
                        "path": "/daw/delia/Mod_Constant:Filter_LP_Cutoff",
                        "value": 0.07573427259922028
                    },
                    {
                        "path": "/daw/delia/Mod_Constant:Filter_LP_Resonance",
                        "value": 0.33684903383255005
                    },
                    {
                        "path": "/daw/delia/Mod_Constant:Filter_HP_Cutoff",
                        "value": 0.0
                    },
                    {
                        "path": "/daw/delia/Mod_Constant:Filter_HP_Resonance",
                        "value": 0.0
                    },
                    {
                        "path": "/daw/delia/Mod_Constant:LFO_1_Rate",
                        "value": 0.3925877213478088
                    },
                    {
                        "path": "/daw/delia/Mod_Constant:LFO_1_Gain",
                        "value": 0.23265388016209737
                    },
                    {
                        "path": "/daw/delia/Mod_Constant:LFO_2_Rate",
                        "value": 0.3387534022331238
                    },
                    {
                        "path": "/daw/delia/Mod_Constant:LFO_2_Gain",
                        "value": 0.32604554295539856
                    },
                    {
                        "path": "/daw/delia/Mod_Constant:LFO_3_Rate",
                        "value": 0.1
                    },
                    {
                        "path": "/daw/delia/Mod_Constant:LFO_3_Gain",
                        "value": 0.1
                    },
                    {
                        "path": "/daw/delia/Mod_Constant:Drive",
                        "value": 0.0
                    },
                    {
                        "path": "/daw/delia/Mod_Constant:Filt_Eg_Att",
                        "value": 0.0
                    },
                    {
                        "path": "/daw/delia/Mod_Constant:Filt_Eg_Dec",
                        "value": 0.29997071623802185
                    },
                    {
                        "path": "/daw/delia/Mod_Constant:Filt_Eg_Rel",
                        "value": 0.1802534312009811
                    },
                    {
                        "path": "/daw/delia/Mod_Constant:Filt_Eg_Sus",
                        "value": 0.6687907576560974
                    },
                    {
                        "path": "/daw/delia/Mod_Constant:Amp_Eg_Att",
                        "value": 0.0630996823310852
                    },
                    {
                        "path": "/daw/delia/Mod_Constant:Amp_Eg_Dec",
                        "value": 0.5227422714233398
                    },
                    {
                        "path": "/daw/delia/Mod_Constant:Amp_Eg_Rel",
                        "value": 0.0537610799074173
                    },
                    {
                        "path": "/daw/delia/Mod_Constant:Aux_Eg_Att",
                        "value": 0.1
                    },
                    {
                        "path": "/daw/delia/Mod_Constant:Aux_Eg_Dec",
                        "value": 0.1
                    },
                    {
                        "path": "/daw/delia/Mod_Constant:Aux_Eg_Rel",
                        "value": 0.1
                    },
                    {
                        "path": "/daw/delia/Mod_Constant:Aux_Eg_Sus",
                        "value": 0.0
                    },
                    {
                        "path": "/daw/delia/Mod_Constant:Spin",
                        "value": 0.001739555038511753
                    },
                    {
                        "path": "/daw/delia/Mod_Constant:Pan",
                        "value": 0.0
                    },
                    {
                        "path": "/daw/delia/Mod_Constant:Morph",
                        "value": 0.0
                    },
                    {
                        "path": "/syp/wt_name",
                        "str_value": "WT_80s_14"
                    },
                    {
                        "path": "/daw/delia/Mod_Filt_Env:Morph",
                        "value": 0.0
                    },
                    {
                        "path": "/daw/delia/Filt_Eg_Reset",
                        "value": 0
                    },
                    {
                        "path": "/daw/delia/Key_Pitch_Offset",
                        "value": 0.0
                    },
                    {
                        "path": "/daw/delia/Lfo_1_Sync_Rate",
                        "value": 0.0
                    },
                    {
                        "path": "/daw/delia/Lfo_2_Sync_Rate",
                        "value": 0.0
                    },
                    {
                        "path": "/daw/delia/Lfo_3_Sync_Rate",
                        "value": 0.0
                    },
                    {
                        "path": "/daw/delia/Mod_Filt_Eg:Filter_LP_Cutoff",
                        "value": 0.9292463064193726
                    },
                    {
                        "path": "/daw/delia/Aux_Eg_Slow",
                        "value": 0.0
                    },
                    {
                        "path": "/daw/delia/Lfo_1_Unipolar",
                        "value": 0.0
                    },
                    {
                        "path": "/daw/delia/Lfo_2_Unipolar",
                        "value": 0.0
                    },
                    {
                        "path": "/daw/delia/Lfo_3_Unipolar",
                        "value": 0.0
                    },
                    {
                        "path": "/daw/delia/Mod_Offset:Spin",
                        "value": 0.3071119785308838
                    },
                    {
                        "path": "/daw/delia/Mod_LFO_1:Osc_1_Pitch",
                        "value": -0.0033265352249145508
                    },
                    {
                        "path": "/daw/delia/Mod_LFO_1:Osc_2_Pitch",
                        "value": -0.0036317110061645503
                    },
                    {
                        "path": "/daw/delia/Mod_LFO_1:Osc_3_Pitch",
                        "value": -0.000335693359375
                    },
                    {
                        "path": "/daw/delia/Mod_Filt_Eg:Osc_3_Shape",
                        "value": 0.3304239511489868
                    },
                    {
                        "path": "/daw/delia/Mod_Key_Pitch:Pan",
                        "value": 1.0
                    },
                    {
                        "path": "/daw/delia/Mod_Pan:Pan",
                        "value": 0.9904172420501708
                    },
                    {
                        "path": "/daw/delia/Mod_Modwheel:LFO_1_Gain",
                        "value": 1.0
                    },
                    {
                        "path": "/daw/delia/Mod_Modwheel:Filter_LP_Cutoff",
                        "value": 0.1749798059463501
                    },
                    {
                        "path": "/daw/delia/Mod_Filt_Eg:Osc_1_Shape",
                        "value": 0.0
                    },
                    {
                        "path": "/daw/delia/Mod_Filt_Eg:Osc_2_Pitch",
                        "value": 0.0
                    },
                    {
                        "path": "/daw/delia/Mod_Pan:Spin",
                        "value": 0.4552446603775024
                    },
                    {
                        "path": "/daw/delia/Mod_Pan:Filt_Eg_Lvl",
                        "value": 0.0032655000686645508
                    },
                    {
                        "path": "/daw/delia/Mod_LFO_2:Osc_3_Pitch",
                        "value": -0.000946044921875
                    },
                    {
                        "path": "/daw/delia/Mod_LFO_2:Osc_1_Pitch",
                        "value": 0.3978698253631592
                    },
                    {
                        "path": "/daw/delia/Mod_Aux_Eg:LFO_2_Rate",
                        "value": 0.0
                    },
                    {
                        "path": "/daw/delia/Mod_Filt_Eg:LFO_2_Rate",
                        "value": 0.32883691787719727
                    },
                    {
                        "path": "/daw/delia/Mod_LFO_2:Osc_1_Shape",
                        "value": 0.0
                    },
                    {
                        "path": "/daw/delia/Mod_LFO_2:Osc_3_Shape",
                        "value": 0.8559291362762451
                    },
                    {
                        "path": "/daw/delia/Mod_Modwheel:LFO_3_Rate",
                        "value": 0.1352083683013916
                    },
                    {
                        "path": "/daw/delia/Mod_Modwheel:LFO_2_Rate",
                        "value": 0.164359450340271
                    },
                    {
                        "path": "/daw/delia/Mod_Modwheel:LFO_2_Gain",
                        "value": 0.4181498289108277
                    },
                    {
                        "path": "/daw/delia/LFO_1_Unipolar",
                        "value": 0.0
                    },
                    {
                        "path": "/daw/delia/LFO_2_Unipolar",
                        "value": 0.0
                    },
                    {
                        "path": "/daw/delia/LFO_3_Unipolar",
                        "value": 0.0
                    },
                    {
                        "path": "/daw/delia/Mod_LFO_2:Filter_LP_Cutoff",
                        "value": 0.9882076978683472
                    },
                    {
                        "path": "/daw/delia/Mod_Filt_Eg:Osc_1_Pitch",
                        "value": 0.0
                    },
                    {
                        "path": "/daw/delia/Mod_Filt_Eg:Osc_3_Pitch",
                        "value": 0.0
                    }
                ]
            }
        },
        {
            "layer_id": "d1",
            "params": [
                {
                    "path": "/daw/delia/Split_Low_Note",
                    "value": 0.0
                },
                {
                    "path": "/daw/delia/Split_High_Note",
                    "value": 127.0
                },
                {
                    "path": "/daw/delia/Channel_Filter",
                    "value": 0.0
                },
                {
                    "path": "/daw/delia/Output_Routing",
                    "value": 2.0
                },
                {
                    "path": "/daw/delia/Layer_Volume",
                    "value": 1.0
                },
                {
                    "path": "/daw/delia/Octave_Offset",
                    "value": 0.0
                },
                {
                    "path": "/daw/delia/Midi_Mod_Src_1_Sel",
                    "value": 0.9921875
                },
                {
                    "path": "/daw/delia/Midi_Mod_Src_2_Sel",
                    "value": 0.0
                },
                {
                    "path": "/daw/delia/Ext_In_Mode",
                    "value": 0.0
                },
                {
                    "path": "/daw/delia/Ext_In_Gain",
                    "value": 0.0
                },
                {
                    "path": "/syp/cutoff_link",
                    "value": 0.0
                }
            ],
            "patch": {
                "name": "CIRCUS_MASTER",
                "common": [
                    {
                        "path": "/daw/delia/Morph",
                        "value": 0.0
                    },
                    {
                        "path": "/daw/delia/Unison_Voices",
                        "value": 1
                    },
                    {
                        "path": "/daw/delia/Pan_Num",
                        "value": 6.0
                    },
                    {
                        "path": "/daw/delia/Poly_Mode",
                        "value": 4
                    },
                    {
                        "path": "/daw/delia/LFO_1_Tempo_Sync",
                        "value": 0.0
                    },
                    {
                        "path": "/daw/delia/LFO_2_Tempo_Sync",
                        "value": 0.0
                    },
                    {
                        "path": "/daw/delia/LFO_3_Tempo_Sync",
                        "value": 0.0
                    },
                    {
                        "path": "/daw/delia/WT_Interpolate",
                        "value": 0.0
                    },
                    {
                        "path": "/daw/delia/Pitch_Bend_Range",
                        "value": 7
                    },
                    {
                        "path": "/daw/delia/Glide_Mode",
                        "value": 0.0
                    },
                    {
                        "path": "/daw/delia/Paraphonic_Mode",
                        "value": 0.0
                    },
                    {
                        "path": "/daw/delia/12_Note_Mode",
                        "value": 0.0
                    },
                    {
                        "path": "/daw/delia/LFO_1_Global",
                        "value": 0.0
                    },
                    {
                        "path": "/daw/delia/LFO_2_Global",
                        "value": 0.0
                    },
                    {
                        "path": "/daw/delia/LFO_3_Global",
                        "value": 0.0
                    },
                    {
                        "path": "/daw/delia/Vintage_Level",
                        "value": 0.10000000149011612
                    }
                ],
                "state_a": [
                    {
                        "path": "/daw/delia/Osc_1_Fine_Tune",
                        "value": -603.0469360351562
                    },
                    {
                        "path": "/daw/delia/Volume",
                        "value": 1.0
                    },
                    {
                        "path": "/daw/delia/Glide_Time",
                        "value": 0.0
                    },
                    {
                        "path": "/daw/delia/Osc_1_Coarse_Tune",
                        "value": 0.0
                    },
                    {
                        "path": "/daw/delia/Osc_2_Coarse_Tune",
                        "value": 0.0
                    },
                    {
                        "path": "/daw/delia/Osc_3_Coarse_Tune",
                        "value": 0.0
                    },
                    {
                        "path": "/daw/delia/Osc_2_Fine_Tune",
                        "value": 243.94642639160156
                    },
                    {
                        "path": "/daw/delia/Osc_3_Fine_Tune",
                        "value": 0.0
                    },
                    {
                        "path": "/daw/delia/Sub_Osc_En",
                        "value": 1.0
                    },
                    {
                        "path": "/daw/delia/Hard_Sync_En",
                        "value": 0.5
                    },
                    {
                        "path": "/daw/delia/Amp_Eg_Vel",
                        "value": 0.5
                    },
                    {
                        "path": "/daw/delia/Filt_Eg_Vel",
                        "value": 0.5
                    },
                    {
                        "path": "/daw/delia/Aux_Eg_Vel",
                        "value": 0.0
                    },
                    {
                        "path": "/daw/delia/Amp_Eg_Reset",
                        "value": 0
                    },
                    {
                        "path": "/daw/delia/Aux_Eg_Reset",
                        "value": 0.0
                    },
                    {
                        "path": "/daw/delia/Unison_Detune",
                        "value": 0.0
                    },
                    {
                        "path": "/daw/delia/Offset",
                        "value": 0.0
                    },
                    {
                        "path": "/daw/delia/Osc_4_Mode",
                        "value": 2.0
                    },
                    {
                        "path": "/daw/delia/Mod_Constant:Osc_4_Tone",
                        "value": 1.0
                    },
                    {
                        "path": "/daw/delia/Filter_LP_Mode",
                        "value": 1.0
                    },
                    {
                        "path": "/daw/delia/Filter_HP_Mode",
                        "value": 0.0
                    },
                    {
                        "path": "/daw/delia/Spin_Reset",
                        "value": 0.0
                    },
                    {
                        "path": "/daw/delia/Lfo_1_Shape",
                        "value": 0
                    },
                    {
                        "path": "/daw/delia/Lfo_2_Shape",
                        "value": 2.0
                    },
                    {
                        "path": "/daw/delia/Lfo_3_Shape",
                        "value": 0.0
                    },
                    {
                        "path": "/daw/delia/Lfo_1_Slew",
                        "value": 1.0
                    },
                    {
                        "path": "/daw/delia/Lfo_2_Slew",
                        "value": 0.9981994032859802
                    },
                    {
                        "path": "/daw/delia/Lfo_3_Slew",
                        "value": 1.0
                    },
                    {
                        "path": "/daw/delia/Lfo_1_Retrigger",
                        "value": 0
                    },
                    {
                        "path": "/daw/delia/Lfo_2_Retrigger",
                        "value": 0.5
                    },
                    {
                        "path": "/daw/delia/Lfo_3_Retrigger",
                        "value": 0.0
                    },
                    {
                        "path": "/daw/delia/Mod_Key_Pitch:Osc_1_Pitch",
                        "value": 1.0
                    },
                    {
                        "path": "/daw/delia/Mod_Key_Pitch:Osc_2_Pitch",
                        "value": 1.0
                    },
                    {
                        "path": "/daw/delia/Mod_Key_Pitch:Osc_3_Pitch",
                        "value": 1.0
                    },
                    {
                        "path": "/daw/delia/Mod_Constant:Osc_1_Level",
                        "value": 0.9857906699180604
                    },
                    {
                        "path": "/daw/delia/Mod_Constant:Filt_Eg_Lvl",
                        "value": 1.0
                    },
                    {
                        "path": "/daw/delia/Mod_Constant:Amp_Eg_Sus",
                        "value": 1.0
                    },
                    {
                        "path": "/daw/delia/Mod_Constant:Amp_Eg_Lvl",
                        "value": 0.42814767360687256
                    },
                    {
                        "path": "/daw/delia/Mod_Constant:Aux_Eg_Lvl",
                        "value": 1.0
                    },
                    {
                        "path": "/daw/delia/Mod_Constant:Osc_1_Pitch",
                        "value": 0.0
                    },
                    {
                        "path": "/daw/delia/Mod_Constant:Osc_1_Shape",
                        "value": 0.1297516971826553
                    },
                    {
                        "path": "/daw/delia/Mod_Constant:Osc_2_Pitch",
                        "value": 0.0
                    },
                    {
                        "path": "/daw/delia/Mod_Constant:Osc_2_Shape",
                        "value": 0.7302790880203247
                    },
                    {
                        "path": "/daw/delia/Mod_Constant:Osc_2_Level",
                        "value": 0.9155862927436828
                    },
                    {
                        "path": "/daw/delia/Mod_Constant:Osc_3_Pitch",
                        "value": 0.0
                    },
                    {
                        "path": "/daw/delia/Mod_Constant:Osc_3_Shape",
                        "value": 0.0
                    },
                    {
                        "path": "/daw/delia/Mod_Constant:Osc_3_Level",
                        "value": 0.7848091721534729
                    },
                    {
                        "path": "/daw/delia/Mod_Constant:Osc_4_Level",
                        "value": 0.0
                    },
                    {
                        "path": "/daw/delia/Mod_Constant:Filter_LP_Cutoff",
                        "value": 0.07573427259922028
                    },
                    {
                        "path": "/daw/delia/Mod_Constant:Filter_LP_Resonance",
                        "value": 0.33684903383255005
                    },
                    {
                        "path": "/daw/delia/Mod_Constant:Filter_HP_Cutoff",
                        "value": 0.0
                    },
                    {
                        "path": "/daw/delia/Mod_Constant:Filter_HP_Resonance",
                        "value": 0.0
                    },
                    {
                        "path": "/daw/delia/Mod_Constant:LFO_1_Rate",
                        "value": 0.3925877213478088
                    },
                    {
                        "path": "/daw/delia/Mod_Constant:LFO_1_Gain",
                        "value": 0.23265388016209737
                    },
                    {
                        "path": "/daw/delia/Mod_Constant:LFO_2_Rate",
                        "value": 0.3387534022331238
                    },
                    {
                        "path": "/daw/delia/Mod_Constant:LFO_2_Gain",
                        "value": 0.32604554295539856
                    },
                    {
                        "path": "/daw/delia/Mod_Constant:LFO_3_Rate",
                        "value": 0.1
                    },
                    {
                        "path": "/daw/delia/Mod_Constant:LFO_3_Gain",
                        "value": 0.1
                    },
                    {
                        "path": "/daw/delia/Mod_Constant:Drive",
                        "value": 0.0
                    },
                    {
                        "path": "/daw/delia/Mod_Constant:Filt_Eg_Att",
                        "value": 0.44396835565567017
                    },
                    {
                        "path": "/daw/delia/Mod_Constant:Filt_Eg_Dec",
                        "value": 0.6688640117645264
                    },
                    {
                        "path": "/daw/delia/Mod_Constant:Filt_Eg_Rel",
                        "value": 0.7025195956230164
                    },
                    {
                        "path": "/daw/delia/Mod_Constant:Filt_Eg_Sus",
                        "value": 0.3574306070804596
                    },
                    {
                        "path": "/daw/delia/Mod_Constant:Amp_Eg_Att",
                        "value": 0.0630996823310852
                    },
                    {
                        "path": "/daw/delia/Mod_Constant:Amp_Eg_Dec",
                        "value": 0.5227422714233398
                    },
                    {
                        "path": "/daw/delia/Mod_Constant:Amp_Eg_Rel",
                        "value": 0.4542957544326782
                    },
                    {
                        "path": "/daw/delia/Mod_Constant:Aux_Eg_Att",
                        "value": 0.1
                    },
                    {
                        "path": "/daw/delia/Mod_Constant:Aux_Eg_Dec",
                        "value": 0.1
                    },
                    {
                        "path": "/daw/delia/Mod_Constant:Aux_Eg_Rel",
                        "value": 0.1
                    },
                    {
                        "path": "/daw/delia/Mod_Constant:Aux_Eg_Sus",
                        "value": 0.0
                    },
                    {
                        "path": "/daw/delia/Mod_Constant:Spin",
                        "value": 0.001739555038511753
                    },
                    {
                        "path": "/daw/delia/Mod_Constant:Pan",
                        "value": 0.0
                    },
                    {
                        "path": "/daw/delia/Mod_Constant:Morph",
                        "value": 0.0
                    },
                    {
                        "path": "/syp/wt_name",
                        "str_value": "WT_80s_14"
                    },
                    {
                        "path": "/daw/delia/Mod_Filt_Env:Morph",
                        "value": 0.0
                    },
                    {
                        "path": "/daw/delia/Filt_Eg_Reset",
                        "value": 0
                    },
                    {
                        "path": "/daw/delia/Key_Pitch_Offset",
                        "value": 0.0
                    },
                    {
                        "path": "/daw/delia/Lfo_1_Sync_Rate",
                        "value": 0.0
                    },
                    {
                        "path": "/daw/delia/Lfo_2_Sync_Rate",
                        "value": 0.0
                    },
                    {
                        "path": "/daw/delia/Lfo_3_Sync_Rate",
                        "value": 0.0
                    },
                    {
                        "path": "/daw/delia/Mod_Filt_Eg:Filter_LP_Cutoff",
                        "value": 0.9499011039733888
                    },
                    {
                        "path": "/daw/delia/Aux_Eg_Slow",
                        "value": 0.0
                    },
                    {
                        "path": "/daw/delia/Lfo_1_Unipolar",
                        "value": 0.0
                    },
                    {
                        "path": "/daw/delia/Lfo_2_Unipolar",
                        "value": 0.0
                    },
                    {
                        "path": "/daw/delia/Lfo_3_Unipolar",
                        "value": 0.0
                    },
                    {
                        "path": "/daw/delia/Mod_Offset:Spin",
                        "value": 0.3071119785308838
                    },
                    {
                        "path": "/daw/delia/Mod_LFO_1:Osc_1_Pitch",
                        "value": -0.0033265352249145508
                    },
                    {
                        "path": "/daw/delia/Mod_LFO_1:Osc_2_Pitch",
                        "value": -0.0036317110061645503
                    },
                    {
                        "path": "/daw/delia/Mod_LFO_1:Osc_3_Pitch",
                        "value": -0.000335693359375
                    },
                    {
                        "path": "/daw/delia/Mod_Filt_Eg:Osc_3_Shape",
                        "value": 0.8776818513870239
                    },
                    {
                        "path": "/daw/delia/Mod_Key_Pitch:Pan",
                        "value": 1.0
                    },
                    {
                        "path": "/daw/delia/Mod_Pan:Pan",
                        "value": 0.9904172420501708
                    },
                    {
                        "path": "/daw/delia/Mod_Modwheel:LFO_1_Gain",
                        "value": 1.0
                    },
                    {
                        "path": "/daw/delia/Mod_Modwheel:Filter_LP_Cutoff",
                        "value": 0.1749798059463501
                    },
                    {
                        "path": "/daw/delia/Mod_Filt_Eg:Osc_1_Shape",
                        "value": 0.4437119960784912
                    },
                    {
                        "path": "/daw/delia/Mod_Filt_Eg:Osc_2_Pitch",
                        "value": 0.4446852207183838
                    },
                    {
                        "path": "/daw/delia/Mod_Pan:Spin",
                        "value": 0.4552446603775024
                    },
                    {
                        "path": "/daw/delia/Mod_Pan:Filt_Eg_Lvl",
                        "value": 0.0032655000686645508
                    },
                    {
                        "path": "/daw/delia/Mod_LFO_2:Osc_3_Pitch",
                        "value": -0.000946044921875
                    },
                    {
                        "path": "/daw/delia/Mod_LFO_2:Osc_1_Pitch",
                        "value": 0.3978698253631592
                    },
                    {
                        "path": "/daw/delia/Mod_Aux_Eg:LFO_2_Rate",
                        "value": 0.0
                    },
                    {
                        "path": "/daw/delia/Mod_Filt_Eg:LFO_2_Rate",
                        "value": 0.32883691787719727
                    },
                    {
                        "path": "/daw/delia/Mod_LFO_2:Osc_1_Shape",
                        "value": 0.0
                    },
                    {
                        "path": "/daw/delia/Mod_LFO_2:Osc_3_Shape",
                        "value": 0.8559291362762451
                    },
                    {
                        "path": "/daw/delia/Mod_Modwheel:LFO_3_Rate",
                        "value": 0.1352083683013916
                    },
                    {
                        "path": "/daw/delia/Mod_Modwheel:LFO_2_Rate",
                        "value": 0.164359450340271
                    },
                    {
                        "path": "/daw/delia/Mod_Modwheel:LFO_2_Gain",
                        "value": 0.4181498289108277
                    },
                    {
                        "path": "/daw/delia/LFO_1_Unipolar",
                        "value": 0.0
                    },
                    {
                        "path": "/daw/delia/LFO_2_Unipolar",
                        "value": 0.0
                    },
                    {
                        "path": "/daw/delia/LFO_3_Unipolar",
                        "value": 0.0
                    },
                    {
                        "path": "/daw/delia/Mod_LFO_2:Filter_LP_Cutoff",
                        "value": 0.9882076978683472
                    }
                ],
                "state_b": [
                    {
                        "path": "/daw/delia/Osc_1_Fine_Tune",
                        "value": 2.410139560699463
                    },
                    {
                        "path": "/daw/delia/Volume",
                        "value": 1.0
                    },
                    {
                        "path": "/daw/delia/Glide_Time",
                        "value": 0.0
                    },
                    {
                        "path": "/daw/delia/Osc_1_Coarse_Tune",
                        "value": -1
                    },
                    {
                        "path": "/daw/delia/Osc_2_Coarse_Tune",
                        "value": 0
                    },
                    {
                        "path": "/daw/delia/Osc_3_Coarse_Tune",
                        "value": 1
                    },
                    {
                        "path": "/daw/delia/Osc_2_Fine_Tune",
                        "value": -0.10301065444946288
                    },
                    {
                        "path": "/daw/delia/Osc_3_Fine_Tune",
                        "value": -5.204201698303336
                    },
                    {
                        "path": "/daw/delia/Sub_Osc_En",
                        "value": 0
                    },
                    {
                        "path": "/daw/delia/Hard_Sync_En",
                        "value": 0.5
                    },
                    {
                        "path": "/daw/delia/Amp_Eg_Vel",
                        "value": 0.5
                    },
                    {
                        "path": "/daw/delia/Filt_Eg_Vel",
                        "value": 0.5
                    },
                    {
                        "path": "/daw/delia/Aux_Eg_Vel",
                        "value": 0.0
                    },
                    {
                        "path": "/daw/delia/Amp_Eg_Reset",
                        "value": 0
                    },
                    {
                        "path": "/daw/delia/Aux_Eg_Reset",
                        "value": 0.0
                    },
                    {
                        "path": "/daw/delia/Unison_Detune",
                        "value": 0.0
                    },
                    {
                        "path": "/daw/delia/Offset",
                        "value": 0.0
                    },
                    {
                        "path": "/daw/delia/Osc_4_Mode",
                        "value": 0.0
                    },
                    {
                        "path": "/daw/delia/Mod_Constant:Osc_4_Tone",
                        "value": 1.0
                    },
                    {
                        "path": "/daw/delia/Filter_LP_Mode",
                        "value": 1.0
                    },
                    {
                        "path": "/daw/delia/Filter_HP_Mode",
                        "value": 0.0
                    },
                    {
                        "path": "/daw/delia/Spin_Reset",
                        "value": 0
                    },
                    {
                        "path": "/daw/delia/Lfo_1_Shape",
                        "value": 0
                    },
                    {
                        "path": "/daw/delia/Lfo_2_Shape",
                        "value": 0
                    },
                    {
                        "path": "/daw/delia/Lfo_3_Shape",
                        "value": 0.0
                    },
                    {
                        "path": "/daw/delia/Lfo_1_Slew",
                        "value": 1.0
                    },
                    {
                        "path": "/daw/delia/Lfo_2_Slew",
                        "value": 1.0
                    },
                    {
                        "path": "/daw/delia/Lfo_3_Slew",
                        "value": 1.0
                    },
                    {
                        "path": "/daw/delia/Lfo_1_Retrigger",
                        "value": 0
                    },
                    {
                        "path": "/daw/delia/Lfo_2_Retrigger",
                        "value": 0
                    },
                    {
                        "path": "/daw/delia/Lfo_3_Retrigger",
                        "value": 0.0
                    },
                    {
                        "path": "/daw/delia/Mod_Key_Pitch:Osc_1_Pitch",
                        "value": 1.0
                    },
                    {
                        "path": "/daw/delia/Mod_Key_Pitch:Osc_2_Pitch",
                        "value": 1.0
                    },
                    {
                        "path": "/daw/delia/Mod_Key_Pitch:Osc_3_Pitch",
                        "value": 1.0
                    },
                    {
                        "path": "/daw/delia/Mod_Constant:Osc_1_Level",
                        "value": 1.0
                    },
                    {
                        "path": "/daw/delia/Mod_Constant:Filt_Eg_Lvl",
                        "value": 0.8653409481048584
                    },
                    {
                        "path": "/daw/delia/Mod_Constant:Amp_Eg_Sus",
                        "value": 1.0
                    },
                    {
                        "path": "/daw/delia/Mod_Constant:Amp_Eg_Lvl",
                        "value": 1.0
                    },
                    {
                        "path": "/daw/delia/Mod_Constant:Aux_Eg_Lvl",
                        "value": 1.0
                    },
                    {
                        "path": "/daw/delia/Mod_Constant:Osc_1_Pitch",
                        "value": 0.0
                    },
                    {
                        "path": "/daw/delia/Mod_Constant:Osc_1_Shape",
                        "value": 0.3333333333333333
                    },
                    {
                        "path": "/daw/delia/Mod_Constant:Osc_2_Pitch",
                        "value": 0.0
                    },
                    {
                        "path": "/daw/delia/Mod_Constant:Osc_2_Shape",
                        "value": 0.3333333333333333
                    },
                    {
                        "path": "/daw/delia/Mod_Constant:Osc_2_Level",
                        "value": 0.6564491391181946
                    },
                    {
                        "path": "/daw/delia/Mod_Constant:Osc_3_Pitch",
                        "value": 0.0
                    },
                    {
                        "path": "/daw/delia/Mod_Constant:Osc_3_Shape",
                        "value": 0.0
                    },
                    {
                        "path": "/daw/delia/Mod_Constant:Osc_3_Level",
                        "value": 0.0
                    },
                    {
                        "path": "/daw/delia/Mod_Constant:Osc_4_Level",
                        "value": 0.0
                    },
                    {
                        "path": "/daw/delia/Mod_Constant:Filter_LP_Cutoff",
                        "value": 0.6133904838562012
                    },
                    {
                        "path": "/daw/delia/Mod_Constant:Filter_LP_Resonance",
                        "value": 0.1044459119439125
                    },
                    {
                        "path": "/daw/delia/Mod_Constant:Filter_HP_Cutoff",
                        "value": 0.0
                    },
                    {
                        "path": "/daw/delia/Mod_Constant:Filter_HP_Resonance",
                        "value": 0.0
                    },
                    {
                        "path": "/daw/delia/Mod_Constant:LFO_1_Rate",
                        "value": 0.3449791371822357
                    },
                    {
                        "path": "/daw/delia/Mod_Constant:LFO_1_Gain",
                        "value": 0.2856717398204672
                    },
                    {
                        "path": "/daw/delia/Mod_Constant:LFO_2_Rate",
                        "value": 0.5
                    },
                    {
                        "path": "/daw/delia/Mod_Constant:LFO_2_Gain",
                        "value": 0.4864775122388618
                    },
                    {
                        "path": "/daw/delia/Mod_Constant:LFO_3_Rate",
                        "value": 0.1
                    },
                    {
                        "path": "/daw/delia/Mod_Constant:LFO_3_Gain",
                        "value": 0.1
                    },
                    {
                        "path": "/daw/delia/Mod_Constant:Drive",
                        "value": 0.16716106235980988
                    },
                    {
                        "path": "/daw/delia/Mod_Constant:Filt_Eg_Att",
                        "value": 0.04636343568563461
                    },
                    {
                        "path": "/daw/delia/Mod_Constant:Filt_Eg_Dec",
                        "value": 0.5473155975341797
                    },
                    {
                        "path": "/daw/delia/Mod_Constant:Filt_Eg_Rel",
                        "value": 0.0
                    },
                    {
                        "path": "/daw/delia/Mod_Constant:Filt_Eg_Sus",
                        "value": 0.0
                    },
                    {
                        "path": "/daw/delia/Mod_Constant:Amp_Eg_Att",
                        "value": 0.0
                    },
                    {
                        "path": "/daw/delia/Mod_Constant:Amp_Eg_Dec",
                        "value": 0.5227422714233398
                    },
                    {
                        "path": "/daw/delia/Mod_Constant:Amp_Eg_Rel",
                        "value": 0.05324837192893028
                    },
                    {
                        "path": "/daw/delia/Mod_Constant:Aux_Eg_Att",
                        "value": 0.1
                    },
                    {
                        "path": "/daw/delia/Mod_Constant:Aux_Eg_Dec",
                        "value": 0.1
                    },
                    {
                        "path": "/daw/delia/Mod_Constant:Aux_Eg_Rel",
                        "value": 0.1
                    },
                    {
                        "path": "/daw/delia/Mod_Constant:Aux_Eg_Sus",
                        "value": 0.0
                    },
                    {
                        "path": "/daw/delia/Mod_Constant:Spin",
                        "value": 0.0
                    },
                    {
                        "path": "/daw/delia/Mod_Constant:Pan",
                        "value": 0.0
                    },
                    {
                        "path": "/daw/delia/Mod_Constant:Morph",
                        "value": 0.0
                    },
                    {
                        "path": "/syp/wt_name",
                        "str_value": "WT_80s_00"
                    },
                    {
                        "path": "/daw/delia/Mod_Filt_Env:Morph",
                        "value": 0.0
                    },
                    {
                        "path": "/daw/delia/Filt_Eg_Reset",
                        "value": 0
                    },
                    {
                        "path": "/daw/delia/Key_Pitch_Offset",
                        "value": 0.0
                    },
                    {
                        "path": "/daw/delia/Lfo_1_Sync_Rate",
                        "value": 0.0
                    },
                    {
                        "path": "/daw/delia/Lfo_2_Sync_Rate",
                        "value": 0.0
                    },
                    {
                        "path": "/daw/delia/Lfo_3_Sync_Rate",
                        "value": 0.0
                    },
                    {
                        "path": "/daw/delia/Mod_Filt_Eg:Filter_LP_Cutoff",
                        "value": 0.7306818962097168
                    },
                    {
                        "path": "/daw/delia/Aux_Eg_Slow",
                        "value": 0.0
                    },
                    {
                        "path": "/daw/delia/Lfo_1_Unipolar",
                        "value": 0.0
                    },
                    {
                        "path": "/daw/delia/Lfo_2_Unipolar",
                        "value": 0.0
                    },
                    {
                        "path": "/daw/delia/Lfo_3_Unipolar",
                        "value": 0.0
                    },
                    {
                        "path": "/daw/delia/Mod_Offset:Spin",
                        "value": 0.0
                    },
                    {
                        "path": "/daw/delia/LFO_1_Unipolar",
                        "value": 0.0
                    },
                    {
                        "path": "/daw/delia/LFO_2_Unipolar",
                        "value": 0.0
                    },
                    {
                        "path": "/daw/delia/LFO_3_Unipolar",
                        "value": 0.0
                    }
                ]
            }
        }
    ],
    "revision": 1
}