{
    "version": "0.1.0",
    "params": [
        {
            "path": "/seq/num_steps",
            "value": 16
        },
        {
            "path": "/seq/tempo_note_value",
            "value": 2
        },
        {
            "path": "/seq/hold",
            "value": 0.0
        },
        {
            "path": "/seq/step_1",
            "str_value": "00FFFFFFFFFFFFFFFFFFFFFFFF"
        },
        {
            "path": "/seq/step_2",
            "str_value": "00FFFFFFFFFFFFFFFFFFFFFFFF"
        },
        {
            "path": "/seq/step_3",
            "str_value": "00FFFFFFFFFFFFFFFFFFFFFFFF"
        },
        {
            "path": "/seq/step_4",
            "str_value": "00FFFFFFFFFFFFFFFFFFFFFFFF"
        },
        {
            "path": "/seq/step_5",
            "str_value": "00FFFFFFFFFFFFFFFFFFFFFFFF"
        },
        {
            "path": "/seq/step_6",
            "str_value": "00FFFFFFFFFFFFFFFFFFFFFFFF"
        },
        {
            "path": "/seq/step_7",
            "str_value": "00FFFFFFFFFFFFFFFFFFFFFFFF"
        },
        {
            "path": "/seq/step_8",
            "str_value": "00FFFFFFFFFFFFFFFFFFFFFFFF"
        },
        {
            "path": "/seq/step_9",
            "str_value": "00FFFFFFFFFFFFFFFFFFFFFFFF"
        },
        {
            "path": "/seq/step_10",
            "str_value": "00FFFFFFFFFFFFFFFFFFFFFFFF"
        },
        {
            "path": "/seq/step_11",
            "str_value": "00FFFFFFFFFFFFFFFFFFFFFFFF"
        },
        {
            "path": "/seq/step_12",
            "str_value": "00FFFFFFFFFFFFFFFFFFFFFFFF"
        },
        {
            "path": "/seq/step_13",
            "str_value": "00FFFFFFFFFFFFFFFFFFFFFFFF"
        },
        {
            "path": "/seq/step_14",
            "str_value": "00FFFFFFFFFFFFFFFFFFFFFFFF"
        },
        {
            "path": "/seq/step_15",
            "str_value": "00FFFFFFFFFFFFFFFFFFFFFFFF"
        },
        {
            "path": "/seq/step_16",
            "str_value": "00FFFFFFFFFFFFFFFFFFFFFFFF"
        },
        {
            "path": "/arp/enable",
            "value": 0.0
        },
        {
            "path": "/arp/dirmode",
            "value": 0.0
        },
        {
            "path": "/arp/tempo_note_value",
            "value": 2
        },
        {
            "path": "/arp/hold",
            "value": 0.0
        },
        {
            "path": "/syp/tempo_bpm",
            "value": 120.0
        },
        {
            "path": "/syp/seq_arp_midi_channel",
            "value": 0.0
        },
        {
            "path": "/daw/delia/Layer_1_Num_Voices",
            "value": 6.0
        },
        {
            "path": "/daw/delia/Layer_2_Num_Voices",
            "value": 0.0
        },
        {
            "path": "/daw/delia/FX_1_Type",
            "value": 2
        },
        {
            "path": "/daw/delia/FX_2_Type",
            "value": 1.0
        },
        {
            "path": "/daw/delia/FX_1_Slot",
            "value": 1.0
        },
        {
            "path": "/daw/delia/FX_2_Slot",
            "value": 0.0
        },
        {
            "path": "/daw/delia/Chorus_Mode",
            "value": 0.0
        },
        {
            "path": "/daw/delia/Chorus_Level",
            "value": 0.0
        },
        {
            "path": "/daw/delia/Delay_Time",
            "value": 0.28775903582572937
        },
        {
            "path": "/daw/delia/Delay_Feedback",
            "value": 0.5370952486991882
        },
        {
            "path": "/daw/delia/Delay_Level",
            "value": 0.0
        },
        {
            "path": "/daw/delia/Delay_Filter",
            "value": 0.0
        },
        {
            "path": "/daw/delia/Delay_Mode",
            "value": 0.0
        },
        {
            "path": "/daw/delia/Reverb_Time",
            "value": 0.0
        },
        {
            "path": "/daw/delia/Reverb_Preset",
            "value": 0.0
        },
        {
            "path": "/daw/delia/Reverb_Level",
            "value": 0.0
        },
        {
            "path": "/daw/delia/Mod_Constant:FX_Send_Level",
            "value": 0.47831660509109497
        },
        {
            "path": "/daw/delia/Mod_Constant:FX_Macro_Level",
            "value": 0.0
        },
        {
            "path": "/daw/delia/FX_Macro_Select",
            "value": 0.0
        },
        {
            "path": "/daw/delia/Morph_Mode",
            "value": 0.0
        },
        {
            "path": "/daw/delia/Delay_Time_Sync",
            "value": 0.0
        },
        {
            "path": "/daw/delia/Delay_Sync",
            "value": 0.0
        },
        {
            "path": "/daw/delia/Delay_Tone",
            "value": 0.7638477683067322
        },
        {
            "path": "/daw/delia/Reverb_Predelay",
            "value": 0.0
        },
        {
            "path": "/daw/delia/Reverb_Tone",
            "value": 0.0
        },
        {
            "path": "/daw/delia/Reverb_Shimmer",
            "value": 0.0
        },
        {
            "path": "/seq/mode",
            "value": 0.0
        },
        {
            "path": "/daw/delia/FX_1_Mix",
            "value": 0.335337370634079
        },
        {
            "path": "/daw/delia/FX_2_Mix",
            "value": 0.5008087158203125
        },
        {
            "path": "/seq/phrase_quantisation",
            "value": 0.0
        },
        {
            "path": "/seq/phrase_metronome_accent",
            "value": 0.0
        },
        {
            "path": "/seq/phrase_round_to_bar",
            "value": 0.0
        }
    ],
    "layers": [
        {
            "layer_id": "d0",
            "params": [
                {
                    "path": "/daw/delia/Split_Low_Note",
                    "value": 0.0
                },
                {
                    "path": "/daw/delia/Split_High_Note",
                    "value": 127.0
                },
                {
                    "path": "/daw/delia/Channel_Filter",
                    "value": 0.0
                },
                {
                    "path": "/daw/delia/Output_Routing",
                    "value": 2.0
                },
                {
                    "path": "/daw/delia/Layer_Volume",
                    "value": 1.0
                },
                {
                    "path": "/daw/delia/Octave_Offset",
                    "value": 0.0
                },
                {
                    "path": "/daw/delia/Midi_Mod_Src_1_Sel",
                    "value": 0.9921875
                },
                {
                    "path": "/daw/delia/Midi_Mod_Src_2_Sel",
                    "value": 0.0
                },
                {
                    "path": "/daw/delia/Ext_In_Mode",
                    "value": 0.0
                },
                {
                    "path": "/daw/delia/Ext_In_Gain",
                    "value": 0.0
                },
                {
                    "path": "/syp/cutoff_link",
                    "value": 0.0
                }
            ],
            "patch": {
                "name": "TOUCHY_SINK",
                "common": [
                    {
                        "path": "/daw/delia/Morph",
                        "value": 0.0
                    },
                    {
                        "path": "/daw/delia/Unison_Voices",
                        "value": 1
                    },
                    {
                        "path": "/daw/delia/Pan_Num",
                        "value": 2
                    },
                    {
                        "path": "/daw/delia/Poly_Mode",
                        "value": 4
                    },
                    {
                        "path": "/daw/delia/LFO_1_Tempo_Sync",
                        "value": 0.0
                    },
                    {
                        "path": "/daw/delia/LFO_2_Tempo_Sync",
                        "value": 0.0
                    },
                    {
                        "path": "/daw/delia/LFO_3_Tempo_Sync",
                        "value": 0.0
                    },
                    {
                        "path": "/daw/delia/WT_Interpolate",
                        "value": 0.0
                    },
                    {
                        "path": "/daw/delia/Pitch_Bend_Range",
                        "value": 2
                    },
                    {
                        "path": "/daw/delia/Glide_Mode",
                        "value": 0.0
                    },
                    {
                        "path": "/daw/delia/12_Note_Mode",
                        "value": 0.0
                    },
                    {
                        "path": "/daw/delia/LFO_1_Global",
                        "value": 0.0
                    },
                    {
                        "path": "/daw/delia/LFO_2_Global",
                        "value": 0.0
                    },
                    {
                        "path": "/daw/delia/LFO_3_Global",
                        "value": 0.0
                    },
                    {
                        "path": "/daw/delia/Vintage_Level",
                        "value": 0.10000000149011612
                    }
                ],
                "state_a": [
                    {
                        "path": "/daw/delia/Osc_1_Fine_Tune",
                        "value": 6.973244667053223
                    },
                    {
                        "path": "/daw/delia/Volume",
                        "value": 1.0
                    },
                    {
                        "path": "/daw/delia/Glide_Time",
                        "value": 0.0
                    },
                    {
                        "path": "/daw/delia/Osc_1_Coarse_Tune",
                        "value": -1
                    },
                    {
                        "path": "/daw/delia/Osc_2_Coarse_Tune",
                        "value": 0
                    },
                    {
                        "path": "/daw/delia/Osc_3_Coarse_Tune",
                        "value": 1
                    },
                    {
                        "path": "/daw/delia/Osc_2_Fine_Tune",
                        "value": -673.9544677734375
                    },
                    {
                        "path": "/daw/delia/Osc_3_Fine_Tune",
                        "value": -500.6850430965424
                    },
                    {
                        "path": "/daw/delia/Sub_Osc_En",
                        "value": 0
                    },
                    {
                        "path": "/daw/delia/Hard_Sync_En",
                        "value": 2
                    },
                    {
                        "path": "/daw/delia/Amp_Eg_Vel",
                        "value": 0.5
                    },
                    {
                        "path": "/daw/delia/Filt_Eg_Vel",
                        "value": 0.75
                    },
                    {
                        "path": "/daw/delia/Aux_Eg_Vel",
                        "value": 0.0
                    },
                    {
                        "path": "/daw/delia/Amp_Eg_Reset",
                        "value": 0
                    },
                    {
                        "path": "/daw/delia/Aux_Eg_Reset",
                        "value": 0.0
                    },
                    {
                        "path": "/daw/delia/Unison_Detune",
                        "value": 0.06946013122797012
                    },
                    {
                        "path": "/daw/delia/Offset",
                        "value": 0.0
                    },
                    {
                        "path": "/daw/delia/Osc_4_Mode",
                        "value": 1.0
                    },
                    {
                        "path": "/daw/delia/Mod_Constant:Osc_4_Tone",
                        "value": 1.0
                    },
                    {
                        "path": "/daw/delia/Filter_LP_Mode",
                        "value": 1.0
                    },
                    {
                        "path": "/daw/delia/Filter_HP_Mode",
                        "value": 0.0
                    },
                    {
                        "path": "/daw/delia/Spin_Reset",
                        "value": 0
                    },
                    {
                        "path": "/daw/delia/Lfo_1_Shape",
                        "value": 0
                    },
                    {
                        "path": "/daw/delia/Lfo_2_Shape",
                        "value": 0
                    },
                    {
                        "path": "/daw/delia/Lfo_3_Shape",
                        "value": 0.0
                    },
                    {
                        "path": "/daw/delia/Lfo_1_Slew",
                        "value": 1.0
                    },
                    {
                        "path": "/daw/delia/Lfo_2_Slew",
                        "value": 0.9677724242210388
                    },
                    {
                        "path": "/daw/delia/Lfo_3_Slew",
                        "value": 1.0
                    },
                    {
                        "path": "/daw/delia/Lfo_1_Retrigger",
                        "value": 0
                    },
                    {
                        "path": "/daw/delia/Lfo_2_Retrigger",
                        "value": 0
                    },
                    {
                        "path": "/daw/delia/Lfo_3_Retrigger",
                        "value": 0.0
                    },
                    {
                        "path": "/daw/delia/Mod_Key_Pitch:Osc_1_Pitch",
                        "value": 1.0
                    },
                    {
                        "path": "/daw/delia/Mod_Key_Pitch:Osc_2_Pitch",
                        "value": 1.0
                    },
                    {
                        "path": "/daw/delia/Mod_Key_Pitch:Osc_3_Pitch",
                        "value": 1.0
                    },
                    {
                        "path": "/daw/delia/Mod_Constant:Osc_1_Level",
                        "value": 1.0
                    },
                    {
                        "path": "/daw/delia/Mod_Constant:Filt_Eg_Lvl",
                        "value": 1.0
                    },
                    {
                        "path": "/daw/delia/Mod_Constant:Amp_Eg_Sus",
                        "value": 1.0
                    },
                    {
                        "path": "/daw/delia/Mod_Constant:Amp_Eg_Lvl",
                        "value": 0.5744525194168091
                    },
                    {
                        "path": "/daw/delia/Mod_Constant:Aux_Eg_Lvl",
                        "value": 1.0
                    },
                    {
                        "path": "/daw/delia/Mod_Constant:Osc_1_Pitch",
                        "value": 0.0
                    },
                    {
                        "path": "/daw/delia/Mod_Constant:Osc_1_Shape",
                        "value": 0.7970287402470907
                    },
                    {
                        "path": "/daw/delia/Mod_Constant:Osc_2_Pitch",
                        "value": 0.0
                    },
                    {
                        "path": "/daw/delia/Mod_Constant:Osc_2_Shape",
                        "value": 0.0
                    },
                    {
                        "path": "/daw/delia/Mod_Constant:Osc_2_Level",
                        "value": 0.5395517349243164
                    },
                    {
                        "path": "/daw/delia/Mod_Constant:Osc_3_Pitch",
                        "value": 0.0
                    },
                    {
                        "path": "/daw/delia/Mod_Constant:Osc_3_Shape",
                        "value": 0.32102835178375244
                    },
                    {
                        "path": "/daw/delia/Mod_Constant:Osc_3_Level",
                        "value": 0.4189555247624715
                    },
                    {
                        "path": "/daw/delia/Mod_Constant:Osc_4_Level",
                        "value": 0.37870797514915466
                    },
                    {
                        "path": "/daw/delia/Mod_Constant:Filter_LP_Cutoff",
                        "value": 0.04
                    },
                    {
                        "path": "/daw/delia/Mod_Constant:Filter_LP_Resonance",
                        "value": 0.29601553082466125
                    },
                    {
                        "path": "/daw/delia/Mod_Constant:Filter_HP_Cutoff",
                        "value": 0.0
                    },
                    {
                        "path": "/daw/delia/Mod_Constant:Filter_HP_Resonance",
                        "value": 0.0
                    },
                    {
                        "path": "/daw/delia/Mod_Constant:LFO_1_Rate",
                        "value": 0.4224712550640106
                    },
                    {
                        "path": "/daw/delia/Mod_Constant:LFO_1_Gain",
                        "value": 0.0002197319263359532
                    },
                    {
                        "path": "/daw/delia/Mod_Constant:LFO_2_Rate",
                        "value": 0.17648853361606598
                    },
                    {
                        "path": "/daw/delia/Mod_Constant:LFO_2_Gain",
                        "value": 0.33589687943458557
                    },
                    {
                        "path": "/daw/delia/Mod_Constant:LFO_3_Rate",
                        "value": 0.1
                    },
                    {
                        "path": "/daw/delia/Mod_Constant:LFO_3_Gain",
                        "value": 0.0
                    },
                    {
                        "path": "/daw/delia/Mod_Constant:Drive",
                        "value": 0.0
                    },
                    {
                        "path": "/daw/delia/Mod_Constant:Filt_Eg_Att",
                        "value": 0.32282280921936035
                    },
                    {
                        "path": "/daw/delia/Mod_Constant:Filt_Eg_Dec",
                        "value": 0.6819746494293213
                    },
                    {
                        "path": "/daw/delia/Mod_Constant:Filt_Eg_Rel",
                        "value": 0.2919504940509796
                    },
                    {
                        "path": "/daw/delia/Mod_Constant:Filt_Eg_Sus",
                        "value": 0.0
                    },
                    {
                        "path": "/daw/delia/Mod_Constant:Amp_Eg_Att",
                        "value": 0.28938695788383484
                    },
                    {
                        "path": "/daw/delia/Mod_Constant:Amp_Eg_Dec",
                        "value": 1.0
                    },
                    {
                        "path": "/daw/delia/Mod_Constant:Amp_Eg_Rel",
                        "value": 0.15395884215831757
                    },
                    {
                        "path": "/daw/delia/Mod_Constant:Aux_Eg_Att",
                        "value": 0
                    },
                    {
                        "path": "/daw/delia/Mod_Constant:Aux_Eg_Dec",
                        "value": 0.43527528164806206
                    },
                    {
                        "path": "/daw/delia/Mod_Constant:Aux_Eg_Rel",
                        "value": 0.43527528164806206
                    },
                    {
                        "path": "/daw/delia/Mod_Constant:Aux_Eg_Sus",
                        "value": 0
                    },
                    {
                        "path": "/daw/delia/Mod_Constant:Spin",
                        "value": 0.0
                    },
                    {
                        "path": "/daw/delia/Mod_Constant:Pan",
                        "value": 0.0
                    },
                    {
                        "path": "/daw/delia/Mod_Constant:Morph",
                        "value": 0.0
                    },
                    {
                        "path": "/syp/wt_name",
                        "str_value": "Tri_Sqr_Morph"
                    },
                    {
                        "path": "/daw/delia/Mod_Filt_Env:Morph",
                        "value": 0.0
                    },
                    {
                        "path": "/daw/delia/Filt_Eg_Reset",
                        "value": 0
                    },
                    {
                        "path": "/daw/delia/Key_Pitch_Offset",
                        "value": 0.0
                    },
                    {
                        "path": "/daw/delia/Lfo_1_Sync_Rate",
                        "value": 0.0
                    },
                    {
                        "path": "/daw/delia/Lfo_2_Sync_Rate",
                        "value": 0.0
                    },
                    {
                        "path": "/daw/delia/Lfo_3_Sync_Rate",
                        "value": 0.0
                    },
                    {
                        "path": "/daw/delia/Mod_Filt_Eg:Filter_LP_Cutoff",
                        "value": 0.8447227478027344
                    },
                    {
                        "path": "/daw/delia/Aux_Eg_Slow",
                        "value": 1.0
                    },
                    {
                        "path": "/daw/delia/Lfo_1_Unipolar",
                        "value": 0.0
                    },
                    {
                        "path": "/daw/delia/Lfo_2_Unipolar",
                        "value": 0.0
                    },
                    {
                        "path": "/daw/delia/Lfo_3_Unipolar",
                        "value": 0.0
                    },
                    {
                        "path": "/daw/delia/Mod_Offset:Spin",
                        "value": 0.0
                    },
                    {
                        "path": "/daw/delia/Mod_LFO_1:Osc_1_Pitch",
                        "value": 0.05778944492340088
                    },
                    {
                        "path": "/daw/delia/Mod_LFO_1:Osc_2_Pitch",
                        "value": 0.05581188201904297
                    },
                    {
                        "path": "/daw/delia/Mod_LFO_1:Osc_3_Pitch",
                        "value": 0.05683732032775879
                    },
                    {
                        "path": "/daw/delia/Mod_LFO_2:Osc_1_Pitch",
                        "value": 0.032520294189453125
                    },
                    {
                        "path": "/daw/delia/Mod_LFO_2:Osc_1_Shape",
                        "value": -0.0766828457514445
                    },
                    {
                        "path": "/daw/delia/Mod_LFO_2:Osc_2_Pitch",
                        "value": 0.026880502700805664
                    },
                    {
                        "path": "/daw/delia/Mod_LFO_2:Osc_2_Shape",
                        "value": -0.08282725016276042
                    },
                    {
                        "path": "/daw/delia/Mod_LFO_2:Osc_3_Pitch",
                        "value": 0.017505288124084473
                    },
                    {
                        "path": "/daw/delia/Mod_LFO_2:Osc_3_Shape",
                        "value": 0.13699758052825928
                    },
                    {
                        "path": "/daw/delia/Mod_Filt_Eg:Osc_1_Shape",
                        "value": 0.06425937016805013
                    },
                    {
                        "path": "/daw/delia/Mod_Filt_Eg:Osc_2_Pitch",
                        "value": 0.41080963611602783
                    },
                    {
                        "path": "/daw/delia/Mod_Filt_Eg:Osc_2_Shape",
                        "value": -0.11328403155008952
                    },
                    {
                        "path": "/daw/delia/Mod_Key_Vel:Osc_2_Pitch",
                        "value": 0.3161942958831787
                    },
                    {
                        "path": "/daw/delia/Mod_Key_Vel:Osc_2_Level",
                        "value": 0.27246761322021484
                    },
                    {
                        "path": "/daw/delia/Mod_Key_Vel:Filter_LP_Cutoff",
                        "value": 0.09126198291778564
                    },
                    {
                        "path": "/daw/delia/Mod_Key_Vel:Filt_Eg_Att",
                        "value": -0.13308429718017578
                    },
                    {
                        "path": "/daw/delia/Mod_Key_Vel:Filt_Eg_Dec",
                        "value": 0.05332159996032715
                    },
                    {
                        "path": "/daw/delia/Mod_Key_Vel:Amp_Eg_Att",
                        "value": -0.10869407653808594
                    },
                    {
                        "path": "/daw/delia/Mod_Key_Pitch:Pan",
                        "value": 0.7354655265808105
                    },
                    {
                        "path": "/daw/delia/Mod_Key_Pitch:Filter_LP_Cutoff",
                        "value": 0.5365121364593506
                    },
                    {
                        "path": "/daw/delia/Mod_Key_Pitch:Filt_Eg_Dec",
                        "value": -0.17732363939285278
                    },
                    {
                        "path": "/daw/delia/Mod_Pan:Pan",
                        "value": 0.25
                    },
                    {
                        "path": "/daw/delia/Mod_Aux_Eg:LFO_1_Gain",
                        "value": 1.0
                    },
                    {
                        "path": "/daw/delia/Mod_Modwheel:LFO_1_Gain",
                        "value": 0.9942137002944946
                    },
                    {
                        "path": "/daw/delia/Mod_Modwheel:Osc_2_Pitch",
                        "value": 0.13522756099700928
                    },
                    {
                        "path": "/daw/delia/Mod_Modwheel:Filter_LP_Resonance",
                        "value": 0.06049954891204834
                    },
                    {
                        "path": "/daw/delia/LFO_1_Unipolar",
                        "value": 0.0
                    },
                    {
                        "path": "/daw/delia/LFO_2_Unipolar",
                        "value": 0.0
                    },
                    {
                        "path": "/daw/delia/LFO_3_Unipolar",
                        "value": 0.0
                    },
                    {
                        "path": "/daw/delia/Mod_Aftertouch:Filter_LP_Cutoff",
                        "value": 0.4144876003265381
                    },
                    {
                        "path": "/daw/delia/Mod_Aftertouch:Filter_HP_Resonance",
                        "value": 0.1139676570892334
                    },
                    {
                        "path": "/daw/delia/Mod_Aftertouch:Filter_LP_Resonance",
                        "value": 0.023145079612731937
                    }
                ],
                "state_b": [
                    {
                        "path": "/daw/delia/Osc_1_Fine_Tune",
                        "value": 6.973244667053223
                    },
                    {
                        "path": "/daw/delia/Volume",
                        "value": 1.0
                    },
                    {
                        "path": "/daw/delia/Glide_Time",
                        "value": 0.0
                    },
                    {
                        "path": "/daw/delia/Osc_1_Coarse_Tune",
                        "value": -1
                    },
                    {
                        "path": "/daw/delia/Osc_2_Coarse_Tune",
                        "value": 0
                    },
                    {
                        "path": "/daw/delia/Osc_3_Coarse_Tune",
                        "value": 1
                    },
                    {
                        "path": "/daw/delia/Osc_2_Fine_Tune",
                        "value": -673.9544677734375
                    },
                    {
                        "path": "/daw/delia/Osc_3_Fine_Tune",
                        "value": -500.6850430965424
                    },
                    {
                        "path": "/daw/delia/Sub_Osc_En",
                        "value": 0
                    },
                    {
                        "path": "/daw/delia/Hard_Sync_En",
                        "value": 2
                    },
                    {
                        "path": "/daw/delia/Amp_Eg_Vel",
                        "value": 0.5
                    },
                    {
                        "path": "/daw/delia/Filt_Eg_Vel",
                        "value": 0.75
                    },
                    {
                        "path": "/daw/delia/Aux_Eg_Vel",
                        "value": 0.0
                    },
                    {
                        "path": "/daw/delia/Amp_Eg_Reset",
                        "value": 0
                    },
                    {
                        "path": "/daw/delia/Aux_Eg_Reset",
                        "value": 0.0
                    },
                    {
                        "path": "/daw/delia/Unison_Detune",
                        "value": 0.06946013122797012
                    },
                    {
                        "path": "/daw/delia/Offset",
                        "value": 0.0
                    },
                    {
                        "path": "/daw/delia/Osc_4_Mode",
                        "value": 1.0
                    },
                    {
                        "path": "/daw/delia/Mod_Constant:Osc_4_Tone",
                        "value": 1.0
                    },
                    {
                        "path": "/daw/delia/Filter_LP_Mode",
                        "value": 1.0
                    },
                    {
                        "path": "/daw/delia/Filter_HP_Mode",
                        "value": 0.0
                    },
                    {
                        "path": "/daw/delia/Spin_Reset",
                        "value": 0
                    },
                    {
                        "path": "/daw/delia/Lfo_1_Shape",
                        "value": 0
                    },
                    {
                        "path": "/daw/delia/Lfo_2_Shape",
                        "value": 0
                    },
                    {
                        "path": "/daw/delia/Lfo_3_Shape",
                        "value": 0.0
                    },
                    {
                        "path": "/daw/delia/Lfo_1_Slew",
                        "value": 1.0
                    },
                    {
                        "path": "/daw/delia/Lfo_2_Slew",
                        "value": 0.9677724242210388
                    },
                    {
                        "path": "/daw/delia/Lfo_3_Slew",
                        "value": 1.0
                    },
                    {
                        "path": "/daw/delia/Lfo_1_Retrigger",
                        "value": 0
                    },
                    {
                        "path": "/daw/delia/Lfo_2_Retrigger",
                        "value": 0
                    },
                    {
                        "path": "/daw/delia/Lfo_3_Retrigger",
                        "value": 0.0
                    },
                    {
                        "path": "/daw/delia/Mod_Key_Pitch:Osc_1_Pitch",
                        "value": 1.0
                    },
                    {
                        "path": "/daw/delia/Mod_Key_Pitch:Osc_2_Pitch",
                        "value": 1.0
                    },
                    {
                        "path": "/daw/delia/Mod_Key_Pitch:Osc_3_Pitch",
                        "value": 1.0
                    },
                    {
                        "path": "/daw/delia/Mod_Constant:Osc_1_Level",
                        "value": 1.0
                    },
                    {
                        "path": "/daw/delia/Mod_Constant:Filt_Eg_Lvl",
                        "value": 1.0
                    },
                    {
                        "path": "/daw/delia/Mod_Constant:Amp_Eg_Sus",
                        "value": 1.0
                    },
                    {
                        "path": "/daw/delia/Mod_Constant:Amp_Eg_Lvl",
                        "value": 0.5744525194168091
                    },
                    {
                        "path": "/daw/delia/Mod_Constant:Aux_Eg_Lvl",
                        "value": 1.0
                    },
                    {
                        "path": "/daw/delia/Mod_Constant:Osc_1_Pitch",
                        "value": 0.0
                    },
                    {
                        "path": "/daw/delia/Mod_Constant:Osc_1_Shape",
                        "value": 0.7970287402470907
                    },
                    {
                        "path": "/daw/delia/Mod_Constant:Osc_2_Pitch",
                        "value": 0.0
                    },
                    {
                        "path": "/daw/delia/Mod_Constant:Osc_2_Shape",
                        "value": 0.8602871298789978
                    },
                    {
                        "path": "/daw/delia/Mod_Constant:Osc_2_Level",
                        "value": 0.7455504536628723
                    },
                    {
                        "path": "/daw/delia/Mod_Constant:Osc_3_Pitch",
                        "value": 0.0
                    },
                    {
                        "path": "/daw/delia/Mod_Constant:Osc_3_Shape",
                        "value": 0.32102835178375244
                    },
                    {
                        "path": "/daw/delia/Mod_Constant:Osc_3_Level",
                        "value": 0.4189555247624715
                    },
                    {
                        "path": "/daw/delia/Mod_Constant:Osc_4_Level",
                        "value": 0.37870797514915466
                    },
                    {
                        "path": "/daw/delia/Mod_Constant:Filter_LP_Cutoff",
                        "value": 0.04
                    },
                    {
                        "path": "/daw/delia/Mod_Constant:Filter_LP_Resonance",
                        "value": 0.41324251890182495
                    },
                    {
                        "path": "/daw/delia/Mod_Constant:Filter_HP_Cutoff",
                        "value": 0.0
                    },
                    {
                        "path": "/daw/delia/Mod_Constant:Filter_HP_Resonance",
                        "value": 0.0
                    },
                    {
                        "path": "/daw/delia/Mod_Constant:LFO_1_Rate",
                        "value": 0.41126492619514465
                    },
                    {
                        "path": "/daw/delia/Mod_Constant:LFO_1_Gain",
                        "value": 0.0002197319263359532
                    },
                    {
                        "path": "/daw/delia/Mod_Constant:LFO_2_Rate",
                        "value": 0.17648853361606598
                    },
                    {
                        "path": "/daw/delia/Mod_Constant:LFO_2_Gain",
                        "value": 0.33589687943458557
                    },
                    {
                        "path": "/daw/delia/Mod_Constant:LFO_3_Rate",
                        "value": 0.1
                    },
                    {
                        "path": "/daw/delia/Mod_Constant:LFO_3_Gain",
                        "value": 0.0
                    },
                    {
                        "path": "/daw/delia/Mod_Constant:Drive",
                        "value": 0.3672819137573242
                    },
                    {
                        "path": "/daw/delia/Mod_Constant:Filt_Eg_Att",
                        "value": 0.06602944433689117
                    },
                    {
                        "path": "/daw/delia/Mod_Constant:Filt_Eg_Dec",
                        "value": 0.17952097952365875
                    },
                    {
                        "path": "/daw/delia/Mod_Constant:Filt_Eg_Rel",
                        "value": 0.0670548602938652
                    },
                    {
                        "path": "/daw/delia/Mod_Constant:Filt_Eg_Sus",
                        "value": 0.7007983326911926
                    },
                    {
                        "path": "/daw/delia/Mod_Constant:Amp_Eg_Att",
                        "value": 0.05094118416309357
                    },
                    {
                        "path": "/daw/delia/Mod_Constant:Amp_Eg_Dec",
                        "value": 1.0
                    },
                    {
                        "path": "/daw/delia/Mod_Constant:Amp_Eg_Rel",
                        "value": 0.06764081120491028
                    },
                    {
                        "path": "/daw/delia/Mod_Constant:Aux_Eg_Att",
                        "value": 0
                    },
                    {
                        "path": "/daw/delia/Mod_Constant:Aux_Eg_Dec",
                        "value": 0.43527528164806206
                    },
                    {
                        "path": "/daw/delia/Mod_Constant:Aux_Eg_Rel",
                        "value": 0.43527528164806206
                    },
                    {
                        "path": "/daw/delia/Mod_Constant:Aux_Eg_Sus",
                        "value": 0
                    },
                    {
                        "path": "/daw/delia/Mod_Constant:Spin",
                        "value": 0.0
                    },
                    {
                        "path": "/daw/delia/Mod_Constant:Pan",
                        "value": 0.0
                    },
                    {
                        "path": "/daw/delia/Mod_Constant:Morph",
                        "value": 0.0
                    },
                    {
                        "path": "/syp/wt_name",
                        "str_value": "Tri_Sqr_Morph"
                    },
                    {
                        "path": "/daw/delia/Mod_Filt_Env:Morph",
                        "value": 0.0
                    },
                    {
                        "path": "/daw/delia/Filt_Eg_Reset",
                        "value": 0
                    },
                    {
                        "path": "/daw/delia/Key_Pitch_Offset",
                        "value": 0.0
                    },
                    {
                        "path": "/daw/delia/Lfo_1_Sync_Rate",
                        "value": 0.0
                    },
                    {
                        "path": "/daw/delia/Lfo_2_Sync_Rate",
                        "value": 0.0
                    },
                    {
                        "path": "/daw/delia/Lfo_3_Sync_Rate",
                        "value": 0.0
                    },
                    {
                        "path": "/daw/delia/Mod_Filt_Eg:Filter_LP_Cutoff",
                        "value": 0.8447227478027344
                    },
                    {
                        "path": "/daw/delia/Aux_Eg_Slow",
                        "value": 1.0
                    },
                    {
                        "path": "/daw/delia/Lfo_1_Unipolar",
                        "value": 0.0
                    },
                    {
                        "path": "/daw/delia/Lfo_2_Unipolar",
                        "value": 0.0
                    },
                    {
                        "path": "/daw/delia/Lfo_3_Unipolar",
                        "value": 0.0
                    },
                    {
                        "path": "/daw/delia/Mod_Offset:Spin",
                        "value": 0.0
                    },
                    {
                        "path": "/daw/delia/Mod_LFO_1:Osc_1_Pitch",
                        "value": 0.05778944492340088
                    },
                    {
                        "path": "/daw/delia/Mod_LFO_1:Osc_2_Pitch",
                        "value": 0.05581188201904297
                    },
                    {
                        "path": "/daw/delia/Mod_LFO_1:Osc_3_Pitch",
                        "value": 0.05683732032775879
                    },
                    {
                        "path": "/daw/delia/Mod_LFO_2:Osc_1_Pitch",
                        "value": 0.032520294189453125
                    },
                    {
                        "path": "/daw/delia/Mod_LFO_2:Osc_1_Shape",
                        "value": -0.0766828457514445
                    },
                    {
                        "path": "/daw/delia/Mod_LFO_2:Osc_2_Pitch",
                        "value": 0.026880502700805664
                    },
                    {
                        "path": "/daw/delia/Mod_LFO_2:Osc_2_Shape",
                        "value": -0.08282725016276042
                    },
                    {
                        "path": "/daw/delia/Mod_LFO_2:Osc_3_Pitch",
                        "value": 0.017505288124084473
                    },
                    {
                        "path": "/daw/delia/Mod_LFO_2:Osc_3_Shape",
                        "value": 0.13699758052825928
                    },
                    {
                        "path": "/daw/delia/Mod_Filt_Eg:Osc_1_Shape",
                        "value": 0.06425937016805013
                    },
                    {
                        "path": "/daw/delia/Mod_Filt_Eg:Osc_2_Pitch",
                        "value": 0.2999664545059204
                    },
                    {
                        "path": "/daw/delia/Mod_Filt_Eg:Osc_2_Shape",
                        "value": -0.11328403155008952
                    },
                    {
                        "path": "/daw/delia/Mod_Key_Vel:Osc_2_Pitch",
                        "value": 0.3161942958831787
                    },
                    {
                        "path": "/daw/delia/Mod_Key_Vel:Osc_2_Level",
                        "value": 0.27246761322021484
                    },
                    {
                        "path": "/daw/delia/Mod_Key_Vel:Filter_LP_Cutoff",
                        "value": 0.09126198291778564
                    },
                    {
                        "path": "/daw/delia/Mod_Key_Vel:Filt_Eg_Att",
                        "value": -0.13308429718017578
                    },
                    {
                        "path": "/daw/delia/Mod_Key_Vel:Filt_Eg_Dec",
                        "value": 0.05332159996032715
                    },
                    {
                        "path": "/daw/delia/Mod_Key_Vel:Amp_Eg_Att",
                        "value": -0.10869407653808594
                    },
                    {
                        "path": "/daw/delia/Mod_Key_Pitch:Pan",
                        "value": 0.7354655265808105
                    },
                    {
                        "path": "/daw/delia/Mod_Key_Pitch:Filter_LP_Cutoff",
                        "value": 0.5365121364593506
                    },
                    {
                        "path": "/daw/delia/Mod_Key_Pitch:Filt_Eg_Dec",
                        "value": -0.17732363939285278
                    },
                    {
                        "path": "/daw/delia/Mod_Pan:Pan",
                        "value": 0.25
                    },
                    {
                        "path": "/daw/delia/Mod_Aux_Eg:LFO_1_Gain",
                        "value": 1.0
                    },
                    {
                        "path": "/daw/delia/Mod_Modwheel:LFO_1_Gain",
                        "value": 0.9942137002944946
                    },
                    {
                        "path": "/daw/delia/Mod_Modwheel:Osc_2_Pitch",
                        "value": 0.13522756099700928
                    },
                    {
                        "path": "/daw/delia/Mod_Modwheel:Filter_LP_Resonance",
                        "value": 0.06049954891204834
                    },
                    {
                        "path": "/daw/delia/LFO_1_Unipolar",
                        "value": 0.0
                    },
                    {
                        "path": "/daw/delia/LFO_2_Unipolar",
                        "value": 0.0
                    },
                    {
                        "path": "/daw/delia/LFO_3_Unipolar",
                        "value": 0.0
                    },
                    {
                        "path": "/daw/delia/Mod_Aftertouch:Filter_LP_Cutoff",
                        "value": 0.4144876003265381
                    },
                    {
                        "path": "/daw/delia/Mod_Aftertouch:Filter_HP_Resonance",
                        "value": 0.1139676570892334
                    },
                    {
                        "path": "/daw/delia/Mod_Aftertouch:Filter_LP_Resonance",
                        "value": 0.023145079612731937
                    },
                    {
                        "path": "/daw/delia/Mod_Filt_Eg:LFO_1_Rate",
                        "value": -0.05485975742340088
                    },
                    {
                        "path": "/daw/delia/Mod_Filt_Eg:Osc_3_Pitch",
                        "value": 0.0
                    },
                    {
                        "path": "/daw/delia/Mod_Filt_Eg:Osc_1_Pitch",
                        "value": 0.0
                    }
                ]
            }
        },
        {
            "layer_id": "d1",
            "params": [
                {
                    "path": "/daw/delia/Split_Low_Note",
                    "value": 0.0
                },
                {
                    "path": "/daw/delia/Split_High_Note",
                    "value": 127.0
                },
                {
                    "path": "/daw/delia/Channel_Filter",
                    "value": 0.0
                },
                {
                    "path": "/daw/delia/Output_Routing",
                    "value": 2.0
                },
                {
                    "path": "/daw/delia/Layer_Volume",
                    "value": 1.0
                },
                {
                    "path": "/daw/delia/Octave_Offset",
                    "value": 0.0
                },
                {
                    "path": "/daw/delia/Midi_Mod_Src_1_Sel",
                    "value": 0.9921875
                },
                {
                    "path": "/daw/delia/Midi_Mod_Src_2_Sel",
                    "value": 0.0
                },
                {
                    "path": "/daw/delia/Ext_In_Mode",
                    "value": 0.0
                },
                {
                    "path": "/daw/delia/Ext_In_Gain",
                    "value": 0.0
                },
                {
                    "path": "/syp/cutoff_link",
                    "value": 0.0
                }
            ],
            "patch": {
                "name": "INIT L2",
                "common": [
                    {
                        "path": "/daw/delia/Morph",
                        "value": 0.0
                    },
                    {
                        "path": "/daw/delia/Unison_Voices",
                        "value": 1.0
                    },
                    {
                        "path": "/daw/delia/Pan_Num",
                        "value": 1.0
                    },
                    {
                        "path": "/daw/delia/Poly_Mode",
                        "value": 3.0
                    },
                    {
                        "path": "/daw/delia/LFO_1_Tempo_Sync",
                        "value": 0.0
                    },
                    {
                        "path": "/daw/delia/LFO_2_Tempo_Sync",
                        "value": 0.0
                    },
                    {
                        "path": "/daw/delia/LFO_3_Tempo_Sync",
                        "value": 0.0
                    },
                    {
                        "path": "/daw/delia/WT_Interpolate",
                        "value": 0.0
                    },
                    {
                        "path": "/daw/delia/Pitch_Bend_Range",
                        "value": 7.0
                    },
                    {
                        "path": "/daw/delia/Glide_Mode",
                        "value": 0.0
                    },
                    {
                        "path": "/daw/delia/12_Note_Mode",
                        "value": 0.0
                    },
                    {
                        "path": "/daw/delia/LFO_1_Global",
                        "value": 0.0
                    },
                    {
                        "path": "/daw/delia/LFO_2_Global",
                        "value": 0.0
                    },
                    {
                        "path": "/daw/delia/LFO_3_Global",
                        "value": 0.0
                    },
                    {
                        "path": "/daw/delia/Vintage_Level",
                        "value": 0.10000000149011612
                    }
                ],
                "state_a": [
                    {
                        "path": "/daw/delia/Osc_1_Fine_Tune",
                        "value": 0.0
                    },
                    {
                        "path": "/daw/delia/Volume",
                        "value": 1.0
                    },
                    {
                        "path": "/daw/delia/Glide_Time",
                        "value": 0.0
                    },
                    {
                        "path": "/daw/delia/Osc_1_Coarse_Tune",
                        "value": 0.0
                    },
                    {
                        "path": "/daw/delia/Osc_2_Coarse_Tune",
                        "value": 0.0
                    },
                    {
                        "path": "/daw/delia/Osc_3_Coarse_Tune",
                        "value": 0.0
                    },
                    {
                        "path": "/daw/delia/Osc_2_Fine_Tune",
                        "value": 0.0
                    },
                    {
                        "path": "/daw/delia/Osc_3_Fine_Tune",
                        "value": 0.0
                    },
                    {
                        "path": "/daw/delia/Sub_Osc_En",
                        "value": 0.0
                    },
                    {
                        "path": "/daw/delia/Hard_Sync_En",
                        "value": 0.0
                    },
                    {
                        "path": "/daw/delia/Amp_Eg_Vel",
                        "value": 0.0
                    },
                    {
                        "path": "/daw/delia/Filt_Eg_Vel",
                        "value": 0.0
                    },
                    {
                        "path": "/daw/delia/Aux_Eg_Vel",
                        "value": 0.0
                    },
                    {
                        "path": "/daw/delia/Amp_Eg_Reset",
                        "value": 0.0
                    },
                    {
                        "path": "/daw/delia/Aux_Eg_Reset",
                        "value": 0.0
                    },
                    {
                        "path": "/daw/delia/Unison_Detune",
                        "value": 0.0
                    },
                    {
                        "path": "/daw/delia/Offset",
                        "value": 0.0
                    },
                    {
                        "path": "/daw/delia/Osc_4_Mode",
                        "value": 0.0
                    },
                    {
                        "path": "/daw/delia/Mod_Constant:Osc_4_Tone",
                        "value": 1.0
                    },
                    {
                        "path": "/daw/delia/Filter_LP_Mode",
                        "value": 1.0
                    },
                    {
                        "path": "/daw/delia/Filter_HP_Mode",
                        "value": 0.0
                    },
                    {
                        "path": "/daw/delia/Spin_Reset",
                        "value": 0.0
                    },
                    {
                        "path": "/daw/delia/Lfo_1_Shape",
                        "value": 0.0
                    },
                    {
                        "path": "/daw/delia/Lfo_2_Shape",
                        "value": 0.0
                    },
                    {
                        "path": "/daw/delia/Lfo_3_Shape",
                        "value": 0.0
                    },
                    {
                        "path": "/daw/delia/Lfo_1_Slew",
                        "value": 1.0
                    },
                    {
                        "path": "/daw/delia/Lfo_2_Slew",
                        "value": 1.0
                    },
                    {
                        "path": "/daw/delia/Lfo_3_Slew",
                        "value": 1.0
                    },
                    {
                        "path": "/daw/delia/Lfo_1_Retrigger",
                        "value": 0.0
                    },
                    {
                        "path": "/daw/delia/Lfo_2_Retrigger",
                        "value": 0.0
                    },
                    {
                        "path": "/daw/delia/Lfo_3_Retrigger",
                        "value": 0.0
                    },
                    {
                        "path": "/daw/delia/Mod_Key_Pitch:Osc_1_Pitch",
                        "value": 1.0
                    },
                    {
                        "path": "/daw/delia/Mod_Key_Pitch:Osc_2_Pitch",
                        "value": 1.0
                    },
                    {
                        "path": "/daw/delia/Mod_Key_Pitch:Osc_3_Pitch",
                        "value": 1.0
                    },
                    {
                        "path": "/daw/delia/Mod_Constant:Osc_1_Level",
                        "value": 1.0
                    },
                    {
                        "path": "/daw/delia/Mod_Constant:Filt_Eg_Lvl",
                        "value": 0.0
                    },
                    {
                        "path": "/daw/delia/Mod_Constant:Amp_Eg_Sus",
                        "value": 1.0
                    },
                    {
                        "path": "/daw/delia/Mod_Constant:Amp_Eg_Lvl",
                        "value": 1.0
                    },
                    {
                        "path": "/daw/delia/Mod_Constant:Aux_Eg_Lvl",
                        "value": 1.0
                    },
                    {
                        "path": "/daw/delia/Mod_Constant:Osc_1_Pitch",
                        "value": 0.0
                    },
                    {
                        "path": "/daw/delia/Mod_Constant:Osc_1_Shape",
                        "value": 0.333333333333333
                    },
                    {
                        "path": "/daw/delia/Mod_Constant:Osc_2_Pitch",
                        "value": 0.0
                    },
                    {
                        "path": "/daw/delia/Mod_Constant:Osc_2_Shape",
                        "value": 0.3333333333333333
                    },
                    {
                        "path": "/daw/delia/Mod_Constant:Osc_2_Level",
                        "value": 0.0
                    },
                    {
                        "path": "/daw/delia/Mod_Constant:Osc_3_Pitch",
                        "value": 0.0
                    },
                    {
                        "path": "/daw/delia/Mod_Constant:Osc_3_Shape",
                        "value": 0.0
                    },
                    {
                        "path": "/daw/delia/Mod_Constant:Osc_3_Level",
                        "value": 0.0
                    },
                    {
                        "path": "/daw/delia/Mod_Constant:Osc_4_Level",
                        "value": 0.0
                    },
                    {
                        "path": "/daw/delia/Mod_Constant:Filter_LP_Cutoff",
                        "value": 1.0
                    },
                    {
                        "path": "/daw/delia/Mod_Constant:Filter_LP_Resonance",
                        "value": 0.0
                    },
                    {
                        "path": "/daw/delia/Mod_Constant:Filter_HP_Cutoff",
                        "value": 0.0
                    },
                    {
                        "path": "/daw/delia/Mod_Constant:Filter_HP_Resonance",
                        "value": 0.0
                    },
                    {
                        "path": "/daw/delia/Mod_Constant:LFO_1_Rate",
                        "value": 0.1
                    },
                    {
                        "path": "/daw/delia/Mod_Constant:LFO_1_Gain",
                        "value": 0.1
                    },
                    {
                        "path": "/daw/delia/Mod_Constant:LFO_2_Rate",
                        "value": 0.1
                    },
                    {
                        "path": "/daw/delia/Mod_Constant:LFO_2_Gain",
                        "value": 0.1
                    },
                    {
                        "path": "/daw/delia/Mod_Constant:LFO_3_Rate",
                        "value": 0.1
                    },
                    {
                        "path": "/daw/delia/Mod_Constant:LFO_3_Gain",
                        "value": 0.1
                    },
                    {
                        "path": "/daw/delia/Mod_Constant:Drive",
                        "value": 0.45
                    },
                    {
                        "path": "/daw/delia/Mod_Constant:Filt_Eg_Att",
                        "value": 0.1
                    },
                    {
                        "path": "/daw/delia/Mod_Constant:Filt_Eg_Dec",
                        "value": 0.1
                    },
                    {
                        "path": "/daw/delia/Mod_Constant:Filt_Eg_Rel",
                        "value": 0.1
                    },
                    {
                        "path": "/daw/delia/Mod_Constant:Filt_Eg_Sus",
                        "value": 1.0
                    },
                    {
                        "path": "/daw/delia/Mod_Constant:Amp_Eg_Att",
                        "value": 0.1
                    },
                    {
                        "path": "/daw/delia/Mod_Constant:Amp_Eg_Dec",
                        "value": 0.1
                    },
                    {
                        "path": "/daw/delia/Mod_Constant:Amp_Eg_Rel",
                        "value": 0.1
                    },
                    {
                        "path": "/daw/delia/Mod_Constant:Aux_Eg_Att",
                        "value": 0.1
                    },
                    {
                        "path": "/daw/delia/Mod_Constant:Aux_Eg_Dec",
                        "value": 0.1
                    },
                    {
                        "path": "/daw/delia/Mod_Constant:Aux_Eg_Rel",
                        "value": 0.1
                    },
                    {
                        "path": "/daw/delia/Mod_Constant:Aux_Eg_Sus",
                        "value": 0.0
                    },
                    {
                        "path": "/daw/delia/Mod_Constant:Spin",
                        "value": 0.0
                    },
                    {
                        "path": "/daw/delia/Mod_Constant:Pan",
                        "value": 0.0
                    },
                    {
                        "path": "/daw/delia/Mod_Constant:Morph",
                        "value": 0.0
                    },
                    {
                        "path": "/syp/wt_name",
                        "str_value": "WT_80s_19"
                    },
                    {
                        "path": "/daw/delia/Mod_Filt_Env:Morph",
                        "value": 0.0
                    },
                    {
                        "path": "/daw/delia/Filt_Eg_Reset",
                        "value": 0.0
                    },
                    {
                        "path": "/daw/delia/Key_Pitch_Offset",
                        "value": 0.0
                    },
                    {
                        "path": "/daw/delia/Lfo_1_Sync_Rate",
                        "value": 0.0
                    },
                    {
                        "path": "/daw/delia/Lfo_2_Sync_Rate",
                        "value": 0.0
                    },
                    {
                        "path": "/daw/delia/Lfo_3_Sync_Rate",
                        "value": 0.0
                    },
                    {
                        "path": "/daw/delia/Mod_Filt_Eg:Filter_LP_Cutoff",
                        "value": 1.0
                    },
                    {
                        "path": "/daw/delia/Aux_Eg_Slow",
                        "value": 0.0
                    },
                    {
                        "path": "/daw/delia/Lfo_1_Unipolar",
                        "value": 0.0
                    },
                    {
                        "path": "/daw/delia/Lfo_2_Unipolar",
                        "value": 0.0
                    },
                    {
                        "path": "/daw/delia/Lfo_3_Unipolar",
                        "value": 0.0
                    },
                    {
                        "path": "/daw/delia/LFO_1_Unipolar",
                        "value": 0.0
                    },
                    {
                        "path": "/daw/delia/LFO_2_Unipolar",
                        "value": 0.0
                    },
                    {
                        "path": "/daw/delia/LFO_3_Unipolar",
                        "value": 0.0
                    }
                ],
                "state_b": [
                    {
                        "path": "/daw/delia/Osc_1_Fine_Tune",
                        "value": 0.0
                    },
                    {
                        "path": "/daw/delia/Volume",
                        "value": 1.0
                    },
                    {
                        "path": "/daw/delia/Glide_Time",
                        "value": 0.0
                    },
                    {
                        "path": "/daw/delia/Osc_1_Coarse_Tune",
                        "value": 0.0
                    },
                    {
                        "path": "/daw/delia/Osc_2_Coarse_Tune",
                        "value": 0.0
                    },
                    {
                        "path": "/daw/delia/Osc_3_Coarse_Tune",
                        "value": 0.0
                    },
                    {
                        "path": "/daw/delia/Osc_2_Fine_Tune",
                        "value": 0.0
                    },
                    {
                        "path": "/daw/delia/Osc_3_Fine_Tune",
                        "value": 0.0
                    },
                    {
                        "path": "/daw/delia/Sub_Osc_En",
                        "value": 0.0
                    },
                    {
                        "path": "/daw/delia/Hard_Sync_En",
                        "value": 0.0
                    },
                    {
                        "path": "/daw/delia/Amp_Eg_Vel",
                        "value": 0.0
                    },
                    {
                        "path": "/daw/delia/Filt_Eg_Vel",
                        "value": 0.0
                    },
                    {
                        "path": "/daw/delia/Aux_Eg_Vel",
                        "value": 0.0
                    },
                    {
                        "path": "/daw/delia/Amp_Eg_Reset",
                        "value": 0.0
                    },
                    {
                        "path": "/daw/delia/Aux_Eg_Reset",
                        "value": 0.0
                    },
                    {
                        "path": "/daw/delia/Unison_Detune",
                        "value": 0.0
                    },
                    {
                        "path": "/daw/delia/Offset",
                        "value": 0.0
                    },
                    {
                        "path": "/daw/delia/Osc_4_Mode",
                        "value": 0.0
                    },
                    {
                        "path": "/daw/delia/Mod_Constant:Osc_4_Tone",
                        "value": 1.0
                    },
                    {
                        "path": "/daw/delia/Filter_LP_Mode",
                        "value": 1.0
                    },
                    {
                        "path": "/daw/delia/Filter_HP_Mode",
                        "value": 0.0
                    },
                    {
                        "path": "/daw/delia/Spin_Reset",
                        "value": 0.0
                    },
                    {
                        "path": "/daw/delia/Lfo_1_Shape",
                        "value": 0.0
                    },
                    {
                        "path": "/daw/delia/Lfo_2_Shape",
                        "value": 0.0
                    },
                    {
                        "path": "/daw/delia/Lfo_3_Shape",
                        "value": 0.0
                    },
                    {
                        "path": "/daw/delia/Lfo_1_Slew",
                        "value": 1.0
                    },
                    {
                        "path": "/daw/delia/Lfo_2_Slew",
                        "value": 1.0
                    },
                    {
                        "path": "/daw/delia/Lfo_3_Slew",
                        "value": 1.0
                    },
                    {
                        "path": "/daw/delia/Lfo_1_Retrigger",
                        "value": 0.0
                    },
                    {
                        "path": "/daw/delia/Lfo_2_Retrigger",
                        "value": 0.0
                    },
                    {
                        "path": "/daw/delia/Lfo_3_Retrigger",
                        "value": 0.0
                    },
                    {
                        "path": "/daw/delia/Mod_Key_Pitch:Osc_1_Pitch",
                        "value": 1.0
                    },
                    {
                        "path": "/daw/delia/Mod_Key_Pitch:Osc_2_Pitch",
                        "value": 1.0
                    },
                    {
                        "path": "/daw/delia/Mod_Key_Pitch:Osc_3_Pitch",
                        "value": 1.0
                    },
                    {
                        "path": "/daw/delia/Mod_Constant:Osc_1_Level",
                        "value": 1.0
                    },
                    {
                        "path": "/daw/delia/Mod_Constant:Filt_Eg_Lvl",
                        "value": 0.0
                    },
                    {
                        "path": "/daw/delia/Mod_Constant:Amp_Eg_Sus",
                        "value": 1.0
                    },
                    {
                        "path": "/daw/delia/Mod_Constant:Amp_Eg_Lvl",
                        "value": 1.0
                    },
                    {
                        "path": "/daw/delia/Mod_Constant:Aux_Eg_Lvl",
                        "value": 1.0
                    },
                    {
                        "path": "/daw/delia/Mod_Constant:Osc_1_Pitch",
                        "value": 0.0
                    },
                    {
                        "path": "/daw/delia/Mod_Constant:Osc_1_Shape",
                        "value": 0.333333333333333
                    },
                    {
                        "path": "/daw/delia/Mod_Constant:Osc_2_Pitch",
                        "value": 0.0
                    },
                    {
                        "path": "/daw/delia/Mod_Constant:Osc_2_Shape",
                        "value": 0.3333333333333333
                    },
                    {
                        "path": "/daw/delia/Mod_Constant:Osc_2_Level",
                        "value": 0.0
                    },
                    {
                        "path": "/daw/delia/Mod_Constant:Osc_3_Pitch",
                        "value": 0.0
                    },
                    {
                        "path": "/daw/delia/Mod_Constant:Osc_3_Shape",
                        "value": 0.0
                    },
                    {
                        "path": "/daw/delia/Mod_Constant:Osc_3_Level",
                        "value": 0.0
                    },
                    {
                        "path": "/daw/delia/Mod_Constant:Osc_4_Level",
                        "value": 0.0
                    },
                    {
                        "path": "/daw/delia/Mod_Constant:Filter_LP_Cutoff",
                        "value": 0.5
                    },
                    {
                        "path": "/daw/delia/Mod_Constant:Filter_LP_Resonance",
                        "value": 0.8
                    },
                    {
                        "path": "/daw/delia/Mod_Constant:Filter_HP_Cutoff",
                        "value": 0.0
                    },
                    {
                        "path": "/daw/delia/Mod_Constant:Filter_HP_Resonance",
                        "value": 0.0
                    },
                    {
                        "path": "/daw/delia/Mod_Constant:LFO_1_Rate",
                        "value": 0.1
                    },
                    {
                        "path": "/daw/delia/Mod_Constant:LFO_1_Gain",
                        "value": 0.1
                    },
                    {
                        "path": "/daw/delia/Mod_Constant:LFO_2_Rate",
                        "value": 0.1
                    },
                    {
                        "path": "/daw/delia/Mod_Constant:LFO_2_Gain",
                        "value": 0.1
                    },
                    {
                        "path": "/daw/delia/Mod_Constant:LFO_3_Rate",
                        "value": 0.1
                    },
                    {
                        "path": "/daw/delia/Mod_Constant:LFO_3_Gain",
                        "value": 0.1
                    },
                    {
                        "path": "/daw/delia/Mod_Constant:Drive",
                        "value": 0.45
                    },
                    {
                        "path": "/daw/delia/Mod_Constant:Filt_Eg_Att",
                        "value": 0.1
                    },
                    {
                        "path": "/daw/delia/Mod_Constant:Filt_Eg_Dec",
                        "value": 0.1
                    },
                    {
                        "path": "/daw/delia/Mod_Constant:Filt_Eg_Rel",
                        "value": 0.1
                    },
                    {
                        "path": "/daw/delia/Mod_Constant:Filt_Eg_Sus",
                        "value": 1.0
                    },
                    {
                        "path": "/daw/delia/Mod_Constant:Amp_Eg_Att",
                        "value": 0.1
                    },
                    {
                        "path": "/daw/delia/Mod_Constant:Amp_Eg_Dec",
                        "value": 0.1
                    },
                    {
                        "path": "/daw/delia/Mod_Constant:Amp_Eg_Rel",
                        "value": 0.1
                    },
                    {
                        "path": "/daw/delia/Mod_Constant:Aux_Eg_Att",
                        "value": 0.1
                    },
                    {
                        "path": "/daw/delia/Mod_Constant:Aux_Eg_Dec",
                        "value": 0.1
                    },
                    {
                        "path": "/daw/delia/Mod_Constant:Aux_Eg_Rel",
                        "value": 0.1
                    },
                    {
                        "path": "/daw/delia/Mod_Constant:Aux_Eg_Sus",
                        "value": 0.0
                    },
                    {
                        "path": "/daw/delia/Mod_Constant:Spin",
                        "value": 0.0
                    },
                    {
                        "path": "/daw/delia/Mod_Constant:Pan",
                        "value": 0.0
                    },
                    {
                        "path": "/daw/delia/Mod_Constant:Morph",
                        "value": 0.0
                    },
                    {
                        "path": "/syp/wt_name",
                        "str_value": "WT_80s_19"
                    },
                    {
                        "path": "/daw/delia/Mod_Filt_Env:Morph",
                        "value": 0.0
                    },
                    {
                        "path": "/daw/delia/Filt_Eg_Reset",
                        "value": 0.0
                    },
                    {
                        "path": "/daw/delia/Key_Pitch_Offset",
                        "value": 0.0
                    },
                    {
                        "path": "/daw/delia/Lfo_1_Sync_Rate",
                        "value": 0.0
                    },
                    {
                        "path": "/daw/delia/Lfo_2_Sync_Rate",
                        "value": 0.0
                    },
                    {
                        "path": "/daw/delia/Lfo_3_Sync_Rate",
                        "value": 0.0
                    },
                    {
                        "path": "/daw/delia/Mod_Filt_Eg:Filter_LP_Cutoff",
                        "value": 1.0
                    },
                    {
                        "path": "/daw/delia/Aux_Eg_Slow",
                        "value": 0.0
                    },
                    {
                        "path": "/daw/delia/Lfo_1_Unipolar",
                        "value": 0.0
                    },
                    {
                        "path": "/daw/delia/Lfo_2_Unipolar",
                        "value": 0.0
                    },
                    {
                        "path": "/daw/delia/Lfo_3_Unipolar",
                        "value": 0.0
                    },
                    {
                        "path": "/daw/delia/LFO_1_Unipolar",
                        "value": 0.0
                    },
                    {
                        "path": "/daw/delia/LFO_2_Unipolar",
                        "value": 0.0
                    },
                    {
                        "path": "/daw/delia/LFO_3_Unipolar",
                        "value": 0.0
                    }
                ]
            }
        }
    ],
    "revision": 1
}